-2.57075,-2.33322,-2.09101,-1.851,-1.60964,-1.37317,-1.13676,-0.906779,-0.6796,-0.461019,-0.245363,-0.0363985,0.165865,0.358256,0.54256,0.71845,0.885272,1.04453,1.19236,1.33232,1.46012,1.57973,1.68822,1.78869,1.87782,1.95661,2.02984,2.0905,2.13987,2.18457,2.21605,2.2424,2.25924,2.26827,2.26699,2.25831,2.24544,2.22286,2.19247,2.15549,2.11286,2.06336,2.00819,1.9474,1.88005,1.8069,1.728,1.6461,1.55964,1.46607,1.36738,1.27064,1.16494,1.05667,0.944009,0.827722,0.709697,0.587936,0.463805,0.334458,0.206221,0.0781086,-0.0546263,-0.190938,-0.326707,-0.46145,-0.59905,-0.736231,-0.873914,-1.00812,-1.14502,-1.27861,-1.40996,-1.54231,-1.66863,-1.7961,-1.91818,-2.03714,-2.15144,-2.26266,-2.36716,-2.47068,-2.56528,-2.65486,-2.73916,-2.81816,-2.88804,-2.95044,-3.00743,-3.05694,-3.09987,-3.13636,-3.16363,-3.18359,-3.19901,-3.20775,-3.20586,-3.20038,-3.1883,-3.16955
-2.86256,-2.56324,-2.26165,-1.9613,-1.66234,-1.3675,-1.07648,-0.792243,-0.512337,-0.24303,0.0188879,0.267109,0.511204,0.740097,0.957967,1.16243,1.35482,1.53232,1.70011,1.85164,1.98883,2.11218,2.22124,2.32003,2.3998,2.46998,2.52627,2.57315,2.60198,2.62443,2.63667,2.63601,2.62737,2.61007,2.58342,2.54602,2.50263,2.45495,2.39946,2.33628,2.27106,2.19671,2.12132,2.04085,1.95622,1.8692,1.77606,1.68384,1.58589,1.4873,1.38628,1.28126,1.17366,1.06659,0.955774,0.844646,0.731157,0.61719,0.50029,0.380975,0.262274,0.140785,0.0198476,-0.10189,-0.2253,-0.348366,-0.472361,-0.598508,-0.721019,-0.848231,-0.9721,-1.09661,-1.21552,-1.33961,-1.45747,-1.57754,-1.69329,-1.80599,-1.91709,-2.02506,-2.12898,-2.23198,-2.32578,-2.41857,-2.50602,-2.5869,-2.66306,-2.73623,-2.79932,-2.85727,-2.90771,-2.9505,-2.98952,-3.02035,-3.03942,-3.05584,-3.06267,-3.05765,-3.0467,-3.02781
-2.43241,-2.13011,-1.83436,-1.54801,-1.27062,-1.00121,-0.74172,-0.493613,-0.256663,-0.0269399,0.190591,0.397029,0.591311,0.776188,0.947163,1.10737,1.25904,1.39464,1.52227,1.63831,1.74411,1.83684,1.92175,1.99493,2.05829,2.1121,2.15667,2.19303,2.21836,2.23824,2.24873,2.24969,2.24489,2.23387,2.21362,2.18963,2.15987,2.11991,2.08105,2.03185,1.98201,1.92449,1.8637,1.79861,1.72672,1.65561,1.58013,1.50157,1.41711,1.33169,1.24085,1.14937,1.05494,0.958216,0.858065,0.755854,0.648716,0.541317,0.431148,0.32114,0.206667,0.0913368,-0.0280038,-0.147096,-0.26641,-0.389054,-0.512768,-0.637191,-0.762342,-0.887862,-1.0142,-1.13883,-1.26508,-1.38919,-1.5112,-1.63718,-1.75289,-1.87113,-1.98588,-2.09607,-2.20516,-2.31001,-2.40992,-2.50358,-2.59159,-2.67537,-2.75147,-2.82208,-2.88584,-2.94245,-2.99355,-3.0326,-3.06658,-3.09188,-3.1076,-3.11614,-3.11643,-3.10707,-3.09088,-3.06468
-2.35008,-2.15674,-1.9559,-1.75134,-1.54457,-1.33372,-1.11831,-0.902662,-0.687588,-0.474832,-0.256705,-0.0445632,0.167048,0.373609,0.575844,0.773575,0.965064,1.14972,1.33072,1.49893,1.65867,1.81077,1.95173,2.08436,2.20612,2.31306,2.41181,2.49776,2.5716,2.63253,2.68138,2.71925,2.74109,2.75278,2.7513,2.73851,2.71567,2.67872,2.62807,2.57152,2.50293,2.42366,2.33309,2.23545,2.12839,2.01297,1.89375,1.76684,1.63132,1.49316,1.34832,1.20347,1.05271,0.902716,0.749007,0.595791,0.441182,0.287983,0.136121,-0.0153545,-0.16251,-0.310019,-0.450417,-0.58784,-0.723987,-0.853249,-0.977361,-1.09524,-1.21268,-1.32125,-1.42633,-1.52365,-1.6194,-1.70816,-1.78997,-1.86917,-1.94315,-2.01331,-2.08023,-2.14246,-2.20131,-2.26032,-2.31393,-2.36797,-2.41878,-2.47173,-2.52154,-2.5723,-2.6224,-2.67511,-2.72921,-2.78493,-2.84055,-2.89847,-2.96006,-3.02098,-3.08758,-3.15337,-3.22202,-3.29117
-2.22178,-2.00991,-1.79608,-1.57358,-1.35127,-1.13015,-0.904512,-0.679853,-0.456415,-0.236422,-0.0175052,0.195307,0.40234,0.608766,0.806876,0.997518,1.18326,1.35718,1.52358,1.67822,1.82598,1.96206,2.0884,2.20061,2.30277,2.39651,2.47526,2.54155,2.59725,2.63981,2.67137,2.69223,2.70059,2.69669,2.6832,2.65962,2.62489,2.57795,2.52514,2.45989,2.39023,2.31198,2.22299,2.1304,2.0308,1.92427,1.81079,1.69578,1.57342,1.44835,1.31865,1.18646,1.05196,0.916187,0.774247,0.633211,0.490594,0.347404,0.202414,0.0582809,-0.0892588,-0.23321,-0.377336,-0.521573,-0.663524,-0.806882,-0.944868,-1.08359,-1.2177,-1.35082,-1.48101,-1.60662,-1.73066,-1.84938,-1.96388,-2.07668,-2.18127,-2.28233,-2.37499,-2.46641,-2.54833,-2.62461,-2.69348,-2.75681,-2.81377,-2.85933,-2.89985,-2.9349,-2.95726,-2.9741,-2.98256,-2.98316,-2.97733,-2.96226,-2.94198,-2.9085,-2.87348,-2.82957,-2.77781,-2.72046
-2.32097,-2.11142,-1.89751,-1.68118,-1.45747,-1.23431,-1.01047,-0.783728,-0.561634,-0.33865,-0.116319,0.101727,0.318785,0.529481,0.736813,0.938154,1.13103,1.32186,1.50193,1.67361,1.83929,1.99101,2.13616,2.2722,2.39425,2.50938,2.60985,2.69953,2.7776,2.84391,2.90071,2.94249,2.97363,2.99366,3.00087,2.99525,2.98002,2.95221,2.91742,2.87046,2.81203,2.74576,2.67055,2.58623,2.49362,2.39291,2.2883,2.17447,2.05618,1.93446,1.80465,1.67439,1.5375,1.40082,1.26133,1.11933,0.975171,0.829459,0.685977,0.541453,0.39568,0.250183,0.107728,-0.0367542,-0.178644,-0.319851,-0.457967,-0.59473,-0.731586,-0.864392,-0.997019,-1.12505,-1.25569,-1.3802,-1.49969,-1.62173,-1.73732,-1.85261,-1.96613,-2.07267,-2.17722,-2.2764,-2.37324,-2.46398,-2.554,-2.63739,-2.7147,-2.78702,-2.85273,-2.91323,-2.96911,-3.01465,-3.05373,-3.08657,-3.11119,-3.12872,-3.1391,-3.14132,-3.13572,-3.11887
-1.65907,-1.49946,-1.33822,-1.17268,-1.01225,-0.851224,-0.689175,-0.525985,-0.367586,-0.204931,-0.0454308,0.110047,0.268676,0.424233,0.573832,0.72317,0.869778,1.01217,1.15064,1.28747,1.41657,1.54026,1.65897,1.77022,1.87724,1.97576,2.06528,2.14919,2.22203,2.28533,2.34435,2.38631,2.42205,2.44522,2.46072,2.46279,2.45347,2.43503,2.40121,2.36114,2.30681,2.24433,2.16971,2.08341,1.98903,1.88254,1.76888,1.64582,1.50964,1.37074,1.22468,1.06961,0.911018,0.744728,0.574035,0.397979,0.223857,0.0458406,-0.137784,-0.316384,-0.500218,-0.680006,-0.861789,-1.03781,-1.21265,-1.38514,-1.55274,-1.71804,-1.87278,-2.02688,-2.17103,-2.31172,-2.44185,-2.5679,-2.68541,-2.79114,-2.892,-2.98297,-3.06399,-3.13806,-3.19695,-3.2513,-3.29324,-3.32505,-3.34658,-3.36212,-3.36347,-3.35527,-3.33712,-3.30833,-3.27281,-3.22214,-3.16732,-3.1006,-3.02705,-2.94001,-2.84918,-2.74711,-2.6394,-2.52233
-2.12298,-1.97659,-1.81937,-1.65171,-1.48084,-1.29859,-1.10942,-0.916333,-0.719581,-0.518061,-0.315836,-0.112704,0.0939313,0.29668,0.500107,0.698689,0.892407,1.08214,1.26681,1.44104,1.60951,1.77017,1.91988,2.06216,2.19391,2.3162,2.42309,2.52037,2.60466,2.67966,2.7398,2.78741,2.8251,2.84991,2.8642,2.86271,2.85242,2.83193,2.79588,2.75425,2.69796,2.63461,2.56064,2.47733,2.38593,2.2873,2.17792,2.06368,1.94424,1.81643,1.68494,1.54444,1.40362,1.25645,1.10554,0.952355,0.795025,0.63771,0.477303,0.318996,0.156065,-0.00637005,-0.166694,-0.329078,-0.488827,-0.646329,-0.803282,-0.955817,-1.1066,-1.25367,-1.39538,-1.5344,-1.66826,-1.79398,-1.91719,-2.03259,-2.14217,-2.24364,-2.34119,-2.42466,-2.50513,-2.57496,-2.63644,-2.68865,-2.73381,-2.76865,-2.79469,-2.80895,-2.81615,-2.81413,-2.80452,-2.78452,-2.75572,-2.7184,-2.67403,-2.62303,-2.56264,-2.49787,-2.42543,-2.34832
-2.19362,-2.00784,-1.82042,-1.62724,-1.43244,-1.234,-1.03088,-0.827758,-0.623978,-0.417917,-0.213733,-0.0111113,0.18918,0.388317,0.584975,0.772822,0.957172,1.13758,1.31175,1.47822,1.63768,1.78645,1.92984,2.06325,2.1859,2.29811,2.39827,2.48906,2.5685,2.63799,2.6935,2.73709,2.77083,2.7917,2.80052,2.79509,2.77975,2.75347,2.71505,2.66246,2.6013,2.52894,2.4466,2.3571,2.25492,2.14618,2.02728,1.90311,1.76993,1.63335,1.48758,1.33854,1.18645,1.03042,0.872453,0.711088,0.549854,0.388275,0.22761,0.0661768,-0.0919765,-0.249301,-0.403092,-0.552272,-0.70014,-0.842045,-0.980756,-1.11115,-1.23771,-1.35869,-1.47409,-1.58243,-1.68367,-1.78036,-1.86889,-1.94848,-2.02462,-2.09181,-2.15167,-2.20739,-2.25453,-2.29557,-2.33068,-2.35887,-2.38006,-2.39607,-2.40735,-2.41124,-2.41125,-2.40368,-2.39489,-2.3776,-2.35707,-2.33296,-2.30782,-2.27596,-2.24212,-2.20347,-2.16392,-2.1193
-1.99222,-1.83216,-1.67082,-1.50507,-1.3411,-1.17334,-1.00441,-0.838268,-0.668319,-0.498501,-0.331457,-0.161198,0.00577949,0.170555,0.33655,0.498295,0.659638,0.817115,0.972009,1.12021,1.26658,1.40866,1.54874,1.67929,1.80493,1.92257,2.03607,2.13859,2.23596,2.32408,2.40348,2.4735,2.53354,2.58156,2.6215,2.6493,2.6685,2.67549,2.67027,2.6552,2.62576,2.5861,2.53833,2.47524,2.40148,2.31759,2.22469,2.12033,2.00582,1.88341,1.7527,1.61319,1.46811,1.31443,1.15574,0.992457,0.823063,0.650257,0.477339,0.303402,0.124682,-0.0495575,-0.223884,-0.39782,-0.569921,-0.735122,-0.897916,-1.05826,-1.21111,-1.35681,-1.49672,-1.62659,-1.75156,-1.86691,-1.97492,-2.07368,-2.16273,-2.24581,-2.3154,-2.3782,-2.43202,-2.47764,-2.51401,-2.54285,-2.56602,-2.57999,-2.589,-2.59195,-2.58608,-2.57811,-2.56545,-2.54835,-2.52849,-2.50398,-2.48022,-2.45367,-2.43014,-2.40043,-2.37604,-2.35216
-2.24427,-2.04958,-1.84838,-1.64065,-1.43434,-1.22163,-1.00731,-0.791754,-0.577122,-0.364401,-0.150361,0.0627889,0.268228,0.474409,0.675772,0.869072,1.06014,1.24574,1.42236,1.59394,1.75742,1.91238,2.06058,2.19679,2.32526,2.44639,2.5538,2.65331,2.74198,2.82088,2.88736,2.94467,2.98675,3.02264,3.0448,3.05455,3.05355,3.04364,3.01864,2.98515,2.93639,2.88178,2.81209,2.73298,2.64212,2.54259,2.4324,2.31401,2.18793,2.05311,1.90688,1.75505,1.59467,1.43245,1.2593,1.08201,0.901924,0.718979,0.531979,0.344081,0.15232,-0.0395782,-0.230688,-0.418742,-0.607852,-0.795299,-0.977063,-1.15766,-1.33043,-1.5002,-1.66418,-1.8174,-1.96781,-2.10803,-2.24159,-2.36258,-2.47716,-2.58024,-2.67414,-2.75705,-2.82741,-2.88719,-2.9363,-2.96995,-2.99414,-3.00713,-3.00763,-2.99579,-2.97137,-2.93616,-2.889,-2.83116,-2.75929,-2.67987,-2.58981,-2.49087,-2.38205,-2.25964,-2.13159,-1.99894
-2.51359,-2.31013,-2.10332,-1.89476,-1.68149,-1.4698,-1.25254,-1.03263,-0.813972,-0.594051,-0.375746,-0.157608,0.0622841,0.274547,0.48624,0.693249,0.895388,1.09621,1.28947,1.47624,1.65564,1.82456,1.98883,2.13872,2.28246,2.41356,2.53512,2.64338,2.73995,2.82347,2.89185,2.94802,2.9926,3.01968,3.0326,3.03213,3.01792,2.98637,2.94279,2.88613,2.81359,2.73008,2.63156,2.52242,2.40096,2.26778,2.12333,1.97478,1.81519,1.64567,1.47337,1.29579,1.10892,0.92454,0.730882,0.540134,0.350256,0.15719,-0.0299892,-0.21571,-0.397974,-0.577172,-0.748708,-0.915577,-1.07462,-1.22631,-1.37173,-1.50715,-1.63615,-1.75321,-1.86167,-1.96109,-2.04946,-2.12895,-2.20349,-2.26448,-2.32011,-2.36423,-2.40305,-2.43187,-2.45638,-2.47615,-2.48775,-2.4969,-2.4998,-2.502,-2.49827,-2.49722,-2.49077,-2.48864,-2.48487,-2.47923,-2.47954,-2.47643,-2.47773,-2.47941,-2.48566,-2.49465,-2.50742,-2.52484
-2.88514,-2.6791,-2.46454,-2.24806,-2.02206,-1.79336,-1.56109,-1.32879,-1.09353,-0.854986,-0.619277,-0.384806,-0.148382,0.0827949,0.308181,0.531902,0.747974,0.957071,1.15974,1.35424,1.53736,1.71418,1.8732,2.02508,2.16425,2.29001,2.40003,2.49969,2.58298,2.65201,2.70659,2.74345,2.77123,2.7776,2.77322,2.75211,2.71706,2.66714,2.60488,2.52958,2.43932,2.34105,2.22844,2.10576,1.97716,1.83326,1.68436,1.52962,1.36924,1.20297,1.03252,0.857715,0.680448,0.504752,0.328172,0.147818,-0.0283141,-0.201272,-0.372115,-0.537713,-0.702596,-0.861581,-1.01424,-1.16391,-1.30417,-1.43967,-1.56851,-1.69016,-1.80331,-1.91225,-2.01547,-2.10771,-2.19682,-2.27668,-2.35341,-2.42125,-2.4879,-2.54812,-2.60457,-2.65597,-2.70339,-2.74895,-2.79203,-2.83259,-2.87096,-2.90751,-2.94308,-2.97913,-3.01572,-3.04937,-3.08082,-3.11606,-3.14945,-3.18226,-3.21981,-3.24944,-3.28467,-3.313,-3.34285,-3.37115
-1.61506,-1.38452,-1.15918,-0.938969,-0.722769,-0.512484,-0.303505,-0.105865,0.0883779,0.276483,0.45906,0.632255,0.79777,0.956365,1.11311,1.25573,1.39492,1.52092,1.64448,1.75613,1.8612,1.95577,2.04301,2.1247,2.19312,2.25683,2.30893,2.35286,2.38768,2.41284,2.43069,2.43925,2.43903,2.43078,2.41142,2.38586,2.34872,2.30344,2.25005,2.18764,2.11936,2.04353,1.95876,1.86559,1.76684,1.66042,1.54872,1.43143,1.30977,1.18243,1.05133,0.916403,0.776468,0.636645,0.492327,0.347954,0.202077,0.0561766,-0.0888198,-0.235428,-0.377749,-0.521841,-0.664945,-0.800342,-0.935783,-1.07074,-1.19879,-1.32174,-1.44489,-1.55923,-1.67199,-1.78005,-1.88129,-1.97997,-2.07405,-2.16343,-2.24851,-2.32664,-2.40152,-2.47273,-2.53803,-2.597,-2.65554,-2.70792,-2.75743,-2.80286,-2.84268,-2.88059,-2.9143,-2.94492,-2.97167,-2.99388,-3.01533,-3.03202,-3.04597,-3.05601,-3.06387,-3.07027,-3.07227,-3.07003
-2.35758,-2.11944,-1.88168,-1.63899,-1.39767,-1.1545,-0.9122,-0.669579,-0.43206,-0.195719,0.0382934,0.269309,0.494502,0.711844,0.92433,1.12836,1.32647,1.51646,1.69595,1.86802,2.02793,2.17676,2.31495,2.4405,2.55641,2.66104,2.75082,2.82875,2.89481,2.94459,2.98739,3.01275,3.02614,3.02571,3.014,2.98996,2.95505,2.90486,2.84592,2.77606,2.6953,2.60489,2.50543,2.39375,2.27678,2.15173,2.01749,1.87953,1.73422,1.58425,1.43147,1.27273,1.10871,0.946514,0.779127,0.611167,0.441688,0.275671,0.108431,-0.0581157,-0.221241,-0.383566,-0.542825,-0.701301,-0.85294,-1.00099,-1.14142,-1.28243,-1.41374,-1.54111,-1.66103,-1.77694,-1.88371,-1.98693,-2.07799,-2.16623,-2.24482,-2.31592,-2.38125,-2.43658,-2.48624,-2.52919,-2.56404,-2.58971,-2.60945,-2.625,-2.62864,-2.62972,-2.62528,-2.61127,-2.59457,-2.57068,-2.54191,-2.51056,-2.47183,-2.43258,-2.38951,-2.34232,-2.29206,-2.24235
-1.65179,-1.46354,-1.2713,-1.08054,-0.886642,-0.692179,-0.501531,-0.307976,-0.118414,0.0738565,0.262293,0.447251,0.63121,0.806867,0.982649,1.1518,1.31844,1.47839,1.62983,1.77875,1.91671,2.0521,2.17545,2.2917,2.39881,2.50013,2.5852,2.66867,2.73777,2.79415,2.84168,2.87679,2.9033,2.91623,2.91865,2.90861,2.88835,2.85616,2.81656,2.76309,2.70142,2.62794,2.54753,2.45467,2.3547,2.24949,2.13675,2.01614,1.8884,1.76083,1.6251,1.48765,1.3508,1.20698,1.06591,0.924271,0.78211,0.641714,0.501517,0.366086,0.233918,0.10315,-0.0229,-0.146886,-0.261089,-0.376043,-0.486131,-0.589519,-0.688541,-0.785739,-0.877573,-0.964257,-1.04836,-1.12943,-1.2092,-1.28687,-1.36238,-1.43602,-1.51232,-1.58543,-1.65933,-1.73626,-1.81608,-1.89942,-1.98184,-2.07157,-2.16395,-2.26001,-2.35987,-2.46663,-2.57566,-2.69169,-2.81101,-2.93601,-3.06804,-3.202,-3.34051,-3.48082,-3.62586,-3.77191
-1.94998,-1.77563,-1.59695,-1.41823,-1.23584,-1.04835,-0.863343,-0.674076,-0.483386,-0.290984,-0.0987247,0.0909378,0.281666,0.472157,0.657471,0.839498,1.0194,1.19141,1.36046,1.52133,1.67766,1.82172,1.95963,2.08506,2.20126,2.30372,2.39957,2.47735,2.54437,2.59949,2.63759,2.6603,2.67313,2.66583,2.64924,2.61321,2.56563,2.50159,2.42409,2.33678,2.23134,2.11674,1.99008,1.85304,1.70541,1.54866,1.38511,1.21305,1.03667,0.85694,0.674606,0.486162,0.297635,0.11107,-0.076833,-0.262408,-0.443555,-0.620379,-0.795132,-0.961065,-1.1208,-1.27474,-1.41966,-1.56018,-1.6881,-1.80875,-1.92027,-2.01991,-2.11421,-2.19776,-2.27334,-2.34136,-2.39734,-2.44852,-2.4923,-2.5259,-2.55775,-2.58192,-2.60438,-2.62071,-2.63452,-2.64513,-2.65534,-2.663,-2.67171,-2.68132,-2.69299,-2.70468,-2.72038,-2.73904,-2.76136,-2.78985,-2.81885,-2.85749,-2.89729,-2.9461,-2.99862,-3.05583,-3.1205,-3.19143
-2.49276,-2.30328,-2.10817,-1.90619,-1.6973,-1.48509,-1.27116,-1.0532,-0.837651,-0.618077,-0.401549,-0.187771,0.0212923,0.226697,0.425869,0.623146,0.808441,0.989114,1.16037,1.3241,1.47721,1.62251,1.75599,1.88128,1.99251,2.09733,2.18986,2.27266,2.34274,2.40772,2.45615,2.4953,2.53058,2.54992,2.56464,2.56572,2.56407,2.551,2.53191,2.50431,2.46978,2.42586,2.37891,2.32509,2.26536,2.19919,2.12682,2.04992,1.96797,1.88325,1.78953,1.69536,1.59575,1.4877,1.38112,1.26623,1.14927,1.02827,0.900921,0.771648,0.638037,0.503092,0.363049,0.221306,0.0765009,-0.0708667,-0.220247,-0.371063,-0.52361,-0.678147,-0.832218,-0.985499,-1.13856,-1.28865,-1.43949,-1.58678,-1.72771,-1.86411,-2.00131,-2.1274,-2.24841,-2.36242,-2.46982,-2.5684,-2.65599,-2.73346,-2.80104,-2.8556,-2.90223,-2.93168,-2.95266,-2.9594,-2.95175,-2.9308,-2.89279,-2.84213,-2.77814,-2.70364,-2.61067,-2.50212
-2.09679,-1.923,-1.74262,-1.5537,-1.35824,-1.15986,-0.955788,-0.747134,-0.534948,-0.322554,-0.108889,0.104141,0.317695,0.528075,0.737384,0.939563,1.14008,1.33007,1.51605,1.69351,1.86088,2.02092,2.17019,2.30779,2.43655,2.54942,2.65315,2.74405,2.81884,2.88054,2.93468,2.97229,2.9958,3.00847,3.00851,2.99506,2.96793,2.92941,2.8801,2.821,2.75125,2.66824,2.57675,2.47704,2.36586,2.25166,2.13034,1.99731,1.86123,1.71935,1.57244,1.42202,1.2647,1.10918,0.946323,0.781547,0.616735,0.452208,0.287888,0.11896,-0.0476235,-0.215306,-0.380008,-0.539404,-0.702938,-0.862011,-1.01958,-1.1695,-1.31958,-1.46662,-1.60894,-1.74468,-1.87683,-2.00551,-2.12706,-2.24594,-2.35374,-2.4601,-2.55903,-2.65132,-2.73501,-2.81501,-2.88595,-2.95037,-3.01022,-3.05914,-3.10304,-3.13918,-3.16787,-3.18814,-3.19938,-3.20437,-3.20254,-3.19081,-3.17205,-3.14677,-3.1117,-3.06949,-3.02089,-2.96335
-2.42159,-2.23402,-2.03669,-1.82698,-1.61372,-1.39205,-1.16582,-0.935304,-0.70107,-0.468312,-0.233273,-0.000455337,0.232649,0.460378,0.683256,0.899193,1.10929,1.31164,1.50502,1.68858,1.86054,2.02038,2.17115,2.30552,2.42715,2.53632,2.63153,2.71439,2.78155,2.83369,2.87488,2.90097,2.91488,2.91196,2.90354,2.8769,2.84019,2.79397,2.73868,2.67032,2.59699,2.51576,2.42722,2.33159,2.2307,2.12363,2.01424,1.90073,1.78696,1.66725,1.5477,1.42623,1.30572,1.18354,1.06058,0.94102,0.817768,0.701,0.58127,0.464352,0.348498,0.230732,0.117282,0.00362986,-0.111975,-0.222836,-0.335125,-0.44554,-0.559059,-0.670536,-0.778386,-0.88769,-1.00024,-1.10854,-1.21639,-1.32726,-1.43314,-1.54006,-1.64567,-1.74902,-1.85003,-1.94959,-2.04688,-2.13767,-2.22887,-2.31086,-2.39035,-2.46547,-2.53107,-2.59237,-2.64468,-2.6911,-2.72687,-2.75588,-2.77697,-2.78749,-2.78802,-2.77792,-2.75969,-2.73247
-2.15039,-1.93623,-1.71648,-1.49723,-1.27326,-1.05577,-0.837204,-0.615101,-0.402554,-0.186685,0.0202081,0.22496,0.426257,0.620852,0.809163,0.991413,1.16438,1.3325,1.49097,1.64302,1.78309,1.91433,2.03834,2.15094,2.25257,2.34385,2.42217,2.49324,2.54699,2.59516,2.63004,2.65096,2.66259,2.66094,2.64945,2.62658,2.59081,2.54405,2.48751,2.42379,2.34607,2.25929,2.16567,2.06197,1.9526,1.83689,1.71034,1.58386,1.45023,1.31431,1.17338,1.02735,0.884279,0.736378,0.589295,0.444183,0.296344,0.154103,0.0085922,-0.131539,-0.26873,-0.403312,-0.535362,-0.6627,-0.785539,-0.908445,-1.02372,-1.13772,-1.2479,-1.35019,-1.45587,-1.55514,-1.65026,-1.74591,-1.84113,-1.92978,-2.01937,-2.10883,-2.19575,-2.28092,-2.36562,-2.45306,-2.53852,-2.62232,-2.71006,-2.79311,-2.87881,-2.96209,-3.04356,-3.12545,-3.20454,-3.28127,-3.35708,-3.42504,-3.49523,-3.55607,-3.61354,-3.66436,-3.70764,-3.74099
-2.13505,-2.02991,-1.91896,-1.80044,-1.67567,-1.54648,-1.41471,-1.2767,-1.1336,-0.986485,-0.834741,-0.684199,-0.526661,-0.368581,-0.214014,-0.0549586,0.10442,0.259197,0.417653,0.570444,0.722104,0.870652,1.01809,1.15473,1.29111,1.41994,1.54434,1.65814,1.76761,1.8669,1.95941,2.04306,2.11823,2.18189,2.23596,2.28261,2.31667,2.33829,2.34932,2.34967,2.34187,2.32122,2.28989,2.24727,2.19649,2.13289,2.05659,1.97127,1.87892,1.77289,1.66121,1.53785,1.40878,1.26962,1.12398,0.971027,0.813474,0.651159,0.48221,0.310257,0.133664,-0.0455388,-0.225719,-0.409789,-0.588507,-0.770955,-0.948762,-1.12734,-1.30067,-1.47202,-1.63463,-1.79418,-1.94899,-2.09283,-2.22942,-2.35723,-2.47674,-2.58446,-2.68433,-2.7715,-2.84848,-2.91083,-2.96229,-3.00064,-3.0254,-3.04258,-3.03789,-3.02431,-2.99827,-2.96096,-2.90873,-2.84636,-2.771,-2.68321,-2.58661,-2.47916,-2.36167,-2.23625,-2.1015,-1.95918
-2.04749,-1.86843,-1.68366,-1.49344,-1.30376,-1.10675,-0.907918,-0.708159,-0.510194,-0.313116,-0.118052,0.0742672,0.260127,0.445214,0.625813,0.79801,0.963148,1.12136,1.27285,1.4151,1.54781,1.67222,1.78767,1.89442,1.98958,2.07753,2.15132,2.21939,2.27184,2.31775,2.3534,2.37933,2.39525,2.39895,2.39267,2.37966,2.3545,2.31892,2.27663,2.22358,2.16391,2.09309,2.01397,1.92939,1.83694,1.73646,1.62826,1.5125,1.39328,1.26565,1.13369,0.996193,0.853538,0.706508,0.553202,0.401356,0.241984,0.082062,-0.0781173,-0.242068,-0.407879,-0.572861,-0.735542,-0.899728,-1.0612,-1.22173,-1.37977,-1.5349,-1.68665,-1.83252,-1.97358,-2.11184,-2.24172,-2.36571,-2.48518,-2.59316,-2.69668,-2.79002,-2.87328,-2.94524,-3.0106,-3.06719,-3.11386,-3.14829,-3.17099,-3.18764,-3.18849,-3.18015,-3.16502,-3.13602,-3.10059,-3.05204,-2.99896,-2.93528,-2.86409,-2.78463,-2.69815,-2.60653,-2.51116,-2.4091
-1.69763,-1.53933,-1.37639,-1.20538,-1.03234,-0.855643,-0.674958,-0.490554,-0.306666,-0.11904,0.0675959,0.257793,0.441963,0.628364,0.812637,0.990397,1.16718,1.33639,1.50421,1.6619,1.81118,1.95649,2.09111,2.21672,2.33222,2.43807,2.53203,2.61457,2.68623,2.74578,2.79483,2.82978,2.84803,2.86165,2.85694,2.84413,2.81434,2.77623,2.72457,2.66122,2.58673,2.50333,2.4069,2.30413,2.18988,2.06895,1.94035,1.80249,1.66067,1.51219,1.35894,1.19974,1.03963,0.875559,0.710724,0.545464,0.375549,0.20839,0.0408967,-0.126439,-0.289659,-0.449975,-0.607977,-0.763024,-0.913005,-1.05974,-1.20085,-1.33691,-1.46379,-1.58908,-1.70866,-1.81743,-1.92532,-2.0223,-2.11362,-2.19757,-2.27582,-2.34737,-2.41151,-2.47181,-2.52107,-2.56768,-2.60775,-2.63902,-2.66945,-2.6913,-2.70855,-2.72034,-2.72809,-2.73146,-2.73037,-2.72569,-2.7168,-2.70505,-2.69149,-2.67524,-2.65227,-2.62998,-2.60493,-2.57847
-2.48494,-2.23633,-1.98772,-1.74012,-1.49442,-1.25103,-1.01038,-0.773853,-0.543402,-0.321583,-0.101758,0.109113,0.316104,0.508496,0.695379,0.874211,1.03992,1.20087,1.34739,1.48567,1.61223,1.72988,1.83571,1.93008,2.01343,2.08928,2.15353,2.2049,2.24502,2.27838,2.29966,2.31173,2.31736,2.31005,2.29478,2.27351,2.24198,2.19959,2.15275,2.09761,2.03684,1.96362,1.88751,1.80497,1.71445,1.61673,1.51474,1.40683,1.28997,1.17136,1.04539,0.915445,0.779261,0.639824,0.49474,0.344146,0.193121,0.0378802,-0.121837,-0.280706,-0.442103,-0.606747,-0.77241,-0.935264,-1.09827,-1.26157,-1.42343,-1.58063,-1.73554,-1.88307,-2.0259,-2.16224,-2.29655,-2.42051,-2.5355,-2.64309,-2.74199,-2.82873,-2.90625,-2.96927,-3.02439,-3.06745,-3.09588,-3.11413,-3.11761,-3.10737,-3.08689,-3.05321,-3.00531,-2.94683,-2.87551,-2.79103,-2.69699,-2.59266,-2.4761,-2.34998,-2.21567,-2.0752,-1.92347,-1.76504
-2.44136,-2.19208,-1.93966,-1.68965,-1.43985,-1.19391,-0.94695,-0.70491,-0.46873,-0.23783,-0.00979089,0.208726,0.423163,0.628641,0.828029,1.01545,1.19757,1.36904,1.53247,1.6849,1.82445,1.95895,2.08029,2.18986,2.29356,2.38082,2.46217,2.53289,2.59158,2.64126,2.68166,2.7084,2.72544,2.73596,2.73549,2.72739,2.70908,2.68132,2.64786,2.60202,2.55159,2.49302,2.42655,2.35493,2.27447,2.19086,2.09941,2.00084,1.89841,1.79073,1.67893,1.56404,1.44096,1.31767,1.18745,1.05725,0.923615,0.786988,0.649012,0.506865,0.365703,0.223028,0.0802197,-0.0655679,-0.2106,-0.351731,-0.492357,-0.635069,-0.772158,-0.909775,-1.04413,-1.17197,-1.29969,-1.42179,-1.5398,-1.65691,-1.76543,-1.86896,-1.96706,-2.06109,-2.14614,-2.22755,-2.3052,-2.37287,-2.43692,-2.49474,-2.5461,-2.5935,-2.63678,-2.67154,-2.70487,-2.7355,-2.75981,-2.7829,-2.80384,-2.82071,-2.83927,-2.85532,-2.87084,-2.88736
-2.48123,-2.27549,-2.06464,-1.85059,-1.63004,-1.41179,-1.18583,-0.967501,-0.742509,-0.525531,-0.307964,-0.0947935,0.114287,0.317168,0.514173,0.704869,0.884347,1.05637,1.21947,1.36928,1.50928,1.63705,1.75205,1.85599,1.94542,2.02268,2.08828,2.13954,2.17671,2.20317,2.21882,2.22135,2.21108,2.19079,2.16134,2.12015,2.0716,2.01677,1.95033,1.8786,1.80013,1.7175,1.63086,1.5381,1.44388,1.34776,1.25138,1.15023,1.04807,0.947495,0.847417,0.748874,0.648095,0.550458,0.454104,0.359854,0.264815,0.170567,0.0807148,-0.01042,-0.0984201,-0.189006,-0.276291,-0.363181,-0.450992,-0.537228,-0.624993,-0.710975,-0.797972,-0.887449,-0.976326,-1.06756,-1.15721,-1.24821,-1.33988,-1.43228,-1.52809,-1.62063,-1.71317,-1.80593,-1.89838,-1.99335,-2.08284,-2.17156,-2.25715,-2.33996,-2.42352,-2.49841,-2.57312,-2.63938,-2.69976,-2.75685,-2.80733,-2.85073,-2.88536,-2.91307,-2.93236,-2.94276,-2.94671,-2.93707
-1.96926,-1.83934,-1.70194,-1.55839,-1.40412,-1.24425,-1.07698,-0.906996,-0.729379,-0.553271,-0.370702,-0.184586,-0.00415345,0.183637,0.363704,0.543487,0.72236,0.897005,1.06748,1.23104,1.3914,1.54163,1.68309,1.82033,1.94401,2.06052,2.16626,2.26054,2.34301,2.41417,2.47478,2.52164,2.55691,2.57699,2.58528,2.58254,2.56542,2.53638,2.49366,2.43723,2.37221,2.29381,2.20558,2.10826,1.99878,1.88105,1.75558,1.61985,1.48028,1.3345,1.18045,1.02403,0.863707,0.700373,0.534333,0.366658,0.201458,0.0335564,-0.131377,-0.291562,-0.454139,-0.608677,-0.761995,-0.911782,-1.05567,-1.19197,-1.32792,-1.45109,-1.56805,-1.6844,-1.78795,-1.88571,-1.97791,-2.06181,-2.14071,-2.20955,-2.27725,-2.33369,-2.38688,-2.43204,-2.47175,-2.50892,-2.53754,-2.56555,-2.58876,-2.60916,-2.62526,-2.64047,-2.65218,-2.66282,-2.67153,-2.682,-2.69025,-2.7018,-2.71098,-2.72319,-2.73634,-2.74951,-2.76606,-2.78448
-1.79231,-1.56724,-1.34411,-1.11554,-0.88855,-0.664692,-0.443285,-0.228338,-0.0134232,0.192458,0.392727,0.586368,0.771864,0.949546,1.11967,1.27686,1.42665,1.56498,1.69626,1.81436,1.92237,2.0222,2.10879,2.1883,2.25623,2.31325,2.36252,2.40321,2.43065,2.45326,2.46444,2.47035,2.46595,2.45565,2.43387,2.41192,2.37742,2.33863,2.29268,2.24058,2.18385,2.1203,2.05094,1.97755,1.89889,1.8156,1.72704,1.63347,1.53548,1.43497,1.32948,1.22233,1.10788,0.994832,0.873493,0.753795,0.628187,0.501496,0.373936,0.2433,0.109465,-0.0224919,-0.154417,-0.290136,-0.42459,-0.557137,-0.689999,-0.82114,-0.950325,-1.07969,-1.20235,-1.32297,-1.44136,-1.55559,-1.66674,-1.76882,-1.86705,-1.96007,-2.04725,-2.12918,-2.20162,-2.26654,-2.32823,-2.37935,-2.4234,-2.46163,-2.48992,-2.5159,-2.53072,-2.54046,-2.54244,-2.53908,-2.53029,-2.5129,-2.49302,-2.46833,-2.43817,-2.40507,-2.37087,-2.32896
-3.02977,-2.76535,-2.49587,-2.22866,-1.96031,-1.69189,-1.42673,-1.16665,-0.908634,-0.655325,-0.406855,-0.166276,0.0719271,0.303266,0.523814,0.737978,0.947417,1.14238,1.33131,1.50813,1.67935,1.83907,1.98744,2.12474,2.25261,2.37176,2.47613,2.56941,2.65501,2.73031,2.78804,2.83639,2.87482,2.90053,2.91481,2.91743,2.90878,2.89011,2.85853,2.81667,2.76478,2.70164,2.62764,2.54027,2.44656,2.34575,2.23276,2.11205,1.98127,1.84737,1.70246,1.55248,1.39847,1.23877,1.07284,0.903785,0.732018,0.560222,0.382982,0.206299,0.0320597,-0.145307,-0.319961,-0.492603,-0.662429,-0.829363,-0.99441,-1.15177,-1.30818,-1.45767,-1.60166,-1.74,-1.87232,-1.99961,-2.11824,-2.23316,-2.34068,-2.44176,-2.53805,-2.62861,-2.71186,-2.78826,-2.86102,-2.93063,-2.99442,-3.05246,-3.10827,-3.16112,-3.20891,-3.25368,-3.2964,-3.34041,-3.37687,-3.41537,-3.45426,-3.48688,-3.52177,-3.55759,-3.59052,-3.62387
-1.99034,-1.86719,-1.73501,-1.59662,-1.45011,-1.29799,-1.13621,-0.975765,-0.806662,-0.636329,-0.46002,-0.284123,-0.106593,0.0681093,0.246644,0.419598,0.590499,0.75988,0.925723,1.08785,1.24231,1.39239,1.5322,1.66858,1.79746,1.9145,2.02462,2.12389,2.21414,2.29194,2.36156,2.42076,2.46711,2.50155,2.52256,2.53666,2.53609,2.52467,2.50277,2.47048,2.42479,2.37117,2.30535,2.22997,2.14667,2.05339,1.95135,1.83864,1.72155,1.59661,1.46534,1.32793,1.18562,1.03642,0.887225,0.732814,0.577593,0.418722,0.258598,0.0968062,-0.0624191,-0.222933,-0.381454,-0.539413,-0.695304,-0.847435,-0.998955,-1.14309,-1.2869,-1.42381,-1.55892,-1.68835,-1.81192,-1.9279,-2.04099,-2.1466,-2.24802,-2.34005,-2.42874,-2.51188,-2.58447,-2.65156,-2.71486,-2.76943,-2.82052,-2.86152,-2.89856,-2.93034,-2.95432,-2.97436,-2.98811,-2.9969,-2.99856,-2.99825,-2.99149,-2.98289,-2.97124,-2.95334,-2.93239,-2.91016
-2.01958,-1.92036,-1.81374,-1.6988,-1.57745,-1.44913,-1.30855,-1.16208,-1.01264,-0.857489,-0.700758,-0.53346,-0.364296,-0.194882,-0.0245259,0.148892,0.319164,0.490381,0.659522,0.827107,0.989509,1.14961,1.30071,1.45042,1.58907,1.72567,1.85156,1.96871,2.07799,2.17639,2.26677,2.34843,2.41843,2.47534,2.52431,2.56214,2.58875,2.60549,2.60951,2.60246,2.58728,2.56008,2.52183,2.47188,2.41492,2.34711,2.2674,2.18154,2.08367,1.97777,1.86476,1.74153,1.60999,1.47533,1.32872,1.17747,1.02084,0.859848,0.687076,0.517621,0.338599,0.158307,-0.0254855,-0.210891,-0.398461,-0.585572,-0.772234,-0.962351,-1.14429,-1.3265,-1.50812,-1.68056,-1.85159,-2.01197,-2.16853,-2.31686,-2.4549,-2.58549,-2.70441,-2.81138,-2.90784,-2.98978,-3.06267,-3.11927,-3.16265,-3.1907,-3.20588,-3.20557,-3.1908,-3.16216,-3.11598,-3.0595,-2.98803,-2.9047,-2.806,-2.69569,-2.57358,-2.43818,-2.29371,-2.13847
-1.5542,-1.4082,-1.25719,-1.09572,-0.930972,-0.762509,-0.589553,-0.415177,-0.239046,-0.0615318,0.114187,0.286503,0.458319,0.626751,0.788646,0.944186,1.09893,1.2429,1.37905,1.50977,1.629,1.74265,1.84565,1.93979,2.0232,2.09677,2.16272,2.21552,2.25753,2.29138,2.31724,2.3324,2.33365,2.33161,2.32089,2.29873,2.26912,2.23023,2.18922,2.13745,2.07564,2.01174,1.94333,1.86466,1.78327,1.69769,1.60525,1.51079,1.41043,1.30767,1.20024,1.09057,0.977002,0.862481,0.743108,0.624088,0.501208,0.3778,0.253214,0.125085,-0.0008943,-0.128219,-0.255193,-0.383183,-0.513347,-0.639654,-0.767241,-0.891672,-1.01588,-1.13776,-1.25553,-1.37108,-1.4845,-1.59786,-1.7022,-1.80535,-1.90108,-1.99382,-2.08245,-2.16238,-2.2381,-2.30742,-2.36965,-2.42717,-2.47604,-2.52017,-2.55368,-2.57955,-2.60153,-2.61284,-2.6178,-2.61433,-2.60573,-2.58927,-2.56463,-2.53218,-2.49488,-2.44983,-2.39792,-2.34077
-2.16478,-1.94408,-1.72028,-1.49489,-1.26528,-1.03707,-0.804023,-0.571692,-0.345085,-0.116095,0.109271,0.330909,0.544262,0.756466,0.962332,1.16254,1.35482,1.53777,1.71161,1.87782,2.03431,2.1799,2.31583,2.43708,2.55109,2.6525,2.73942,2.81653,2.88149,2.93077,2.97147,2.99627,3.00952,3.00747,2.9937,2.96766,2.92879,2.88202,2.81826,2.74527,2.65906,2.56433,2.45786,2.34069,2.215,2.08176,1.93742,1.78811,1.63075,1.46702,1.29774,1.12462,0.947315,0.766021,0.583066,0.397836,0.209542,0.0244881,-0.162179,-0.346967,-0.527586,-0.708027,-0.881925,-1.05449,-1.22308,-1.38256,-1.53953,-1.69038,-1.8325,-1.96682,-2.09413,-2.21519,-2.32692,-2.43114,-2.52414,-2.61242,-2.6897,-2.75625,-2.81855,-2.87204,-2.91782,-2.95374,-2.98215,-3.00331,-3.01841,-3.02787,-3.02958,-3.0272,-3.01934,-3.00302,-2.98834,-2.96477,-2.94159,-2.91148,-2.88371,-2.84864,-2.81652,-2.781,-2.74463,-2.70807
-1.33294,-1.23051,-1.12227,-1.00817,-0.889057,-0.769863,-0.642123,-0.512422,-0.379593,-0.244063,-0.106455,0.0320615,0.172041,0.313529,0.453328,0.595843,0.731064,0.867005,0.999123,1.12423,1.24694,1.36419,1.47655,1.57791,1.67459,1.76173,1.84094,1.90827,1.9692,2.01818,2.05695,2.08278,2.10017,2.10219,2.09621,2.07925,2.04765,2.00912,1.95628,1.89472,1.8216,1.73784,1.64678,1.54432,1.43898,1.32197,1.19739,1.06814,0.932477,0.791941,0.645833,0.498956,0.346763,0.195487,0.0435805,-0.110227,-0.263944,-0.419974,-0.567896,-0.718594,-0.867032,-1.01121,-1.15298,-1.28915,-1.42275,-1.55205,-1.67592,-1.79405,-1.91045,-2.02125,-2.12413,-2.22364,-2.32353,-2.40869,-2.49429,-2.5743,-2.64752,-2.71906,-2.78371,-2.8451,-2.89986,-2.95145,-2.99889,-3.04112,-3.07732,-3.11003,-3.13759,-3.16219,-3.17678,-3.19208,-3.19791,-3.20093,-3.19662,-3.18686,-3.16849,-3.14729,-3.11812,-3.08315,-3.03887,-2.98973
-2.38647,-2.18252,-1.96954,-1.75075,-1.52844,-1.30458,-1.07811,-0.847974,-0.620311,-0.394662,-0.170629,0.0471743,0.262715,0.47149,0.674369,0.867726,1.05316,1.23215,1.39771,1.5538,1.6981,1.83045,1.95283,2.06049,2.15784,2.24174,2.31056,2.36771,2.41555,2.44756,2.46852,2.47681,2.47624,2.46109,2.43864,2.40261,2.35912,2.3064,2.24493,2.17505,2.09814,2.01349,1.92252,1.82586,1.72566,1.61762,1.50807,1.39256,1.27647,1.1522,1.0304,0.903539,0.773772,0.649743,0.517792,0.387042,0.25485,0.12291,-0.0110598,-0.142287,-0.273994,-0.409231,-0.539864,-0.670668,-0.799065,-0.929028,-1.05885,-1.185,-1.31173,-1.43342,-1.55738,-1.67709,-1.79286,-1.90805,-2.02249,-2.13196,-2.23882,-2.34023,-2.43753,-2.53371,-2.62356,-2.70871,-2.78876,-2.86261,-2.92848,-2.99167,-3.04271,-3.09118,-3.12844,-3.1615,-3.18304,-3.19535,-3.20069,-3.19686,-3.18013,-3.15664,-3.12087,-3.07666,-3.0235,-2.95776
-1.70701,-1.59055,-1.47011,-1.34188,-1.20369,-1.0638,-0.919298,-0.77081,-0.616148,-0.461937,-0.303705,-0.14331,0.0185588,0.180657,0.342187,0.499813,0.656696,0.810811,0.960376,1.10146,1.24274,1.37493,1.50162,1.61903,1.72798,1.8321,1.92252,2.00425,2.07979,2.14357,2.19678,2.241,2.27404,2.29813,2.3117,2.31695,2.31073,2.29518,2.27477,2.24064,2.20133,2.15283,2.10028,2.03717,1.97009,1.89855,1.81988,1.7332,1.64606,1.55237,1.45332,1.35317,1.2483,1.13989,1.02761,0.913851,0.793765,0.671968,0.549448,0.425596,0.296831,0.165528,0.0352803,-0.0984641,-0.23468,-0.370654,-0.510889,-0.651122,-0.792144,-0.933038,-1.07635,-1.2174,-1.36052,-1.49898,-1.63627,-1.77689,-1.91407,-2.04383,-2.17379,-2.29786,-2.4192,-2.53545,-2.64533,-2.74972,-2.84479,-2.93656,-3.01878,-3.09088,-3.16099,-3.21658,-3.26334,-3.30413,-3.33329,-3.35057,-3.36139,-3.36325,-3.35291,-3.33406,-3.30674,-3.27006
-2.36657,-2.14361,-1.91452,-1.68046,-1.44387,-1.20604,-0.966382,-0.726289,-0.489839,-0.255264,-0.0250681,0.201743,0.420857,0.637078,0.842186,1.03962,1.22743,1.40566,1.5748,1.73185,1.87749,2.01215,2.13867,2.25216,2.35261,2.44023,2.51732,2.58461,2.63803,2.68125,2.71268,2.73332,2.74456,2.74356,2.73427,2.71725,2.68833,2.65165,2.60638,2.5528,2.49105,2.42032,2.34423,2.26503,2.17244,2.07754,1.97655,1.86827,1.75396,1.64019,1.51786,1.39212,1.26064,1.12466,0.985686,0.843328,0.70124,0.553123,0.406085,0.252917,0.100578,-0.0558386,-0.207501,-0.363644,-0.517139,-0.66865,-0.823219,-0.972678,-1.11838,-1.26387,-1.40405,-1.54082,-1.67259,-1.80148,-1.9204,-2.03536,-2.14622,-2.2474,-2.34261,-2.42937,-2.5082,-2.58001,-2.64195,-2.69591,-2.74468,-2.78291,-2.81615,-2.83814,-2.85312,-2.86599,-2.86635,-2.86527,-2.8571,-2.84366,-2.8279,-2.80665,-2.78505,-2.75886,-2.73398,-2.70556
-2.72101,-2.58829,-2.44991,-2.30148,-2.14888,-1.98393,-1.81482,-1.64231,-1.46278,-1.27916,-1.09212,-0.902185,-0.708276,-0.51629,-0.319459,-0.126035,0.06746,0.259416,0.449618,0.634543,0.816586,0.993364,1.1621,1.32602,1.48261,1.63259,1.77265,1.90134,2.02098,2.12765,2.22618,2.31131,2.38657,2.44707,2.49669,2.52967,2.55381,2.56093,2.55679,2.53807,2.50691,2.46436,2.40677,2.33635,2.2563,2.1607,2.05434,1.93752,1.81446,1.67896,1.53176,1.3811,1.21934,1.05382,0.882656,0.705502,0.525616,0.343654,0.157268,-0.0311537,-0.217015,-0.403409,-0.589207,-0.771483,-0.95179,-1.12811,-1.29958,-1.46586,-1.62652,-1.77676,-1.92353,-2.06279,-2.19379,-2.31405,-2.42911,-2.53187,-2.63021,-2.71232,-2.7899,-2.85644,-2.91301,-2.96126,-2.99851,-3.03238,-3.04879,-3.05998,-3.06286,-3.05946,-3.04616,-3.02401,-2.9963,-2.96341,-2.92223,-2.87623,-2.82289,-2.76806,-2.70533,-2.63751,-2.56863,-2.49681
-0.943479,-0.869244,-0.786598,-0.693639,-0.59165,-0.478463,-0.358038,-0.230827,-0.100571,0.0356597,0.176645,0.32312,0.467643,0.615053,0.763988,0.910164,1.05836,1.19973,1.34097,1.47341,1.60348,1.73042,1.84615,1.95721,2.0609,2.15513,2.24346,2.31938,2.38886,2.44527,2.49356,2.53154,2.55745,2.57646,2.57909,2.57751,2.563,2.53945,2.50201,2.45798,2.40436,2.34071,2.26714,2.18553,2.09532,2.00026,1.8952,1.78212,1.6621,1.53943,1.40937,1.27631,1.13854,0.996503,0.854236,0.707343,0.558753,0.412246,0.262149,0.113181,-0.0331314,-0.17988,-0.326757,-0.467471,-0.60676,-0.741337,-0.874239,-1.00357,-1.12579,-1.24629,-1.3618,-1.47128,-1.57512,-1.67699,-1.77127,-1.86332,-1.94955,-2.03096,-2.10833,-2.18423,-2.2531,-2.32017,-2.38501,-2.44506,-2.50371,-2.55862,-2.61241,-2.66567,-2.71669,-2.76918,-2.81726,-2.86693,-2.9133,-2.96317,-3.00973,-3.05502,-3.10109,-3.14754,-3.192,-3.23536
-2.18589,-2.01177,-1.83191,-1.64794,-1.45994,-1.26773,-1.06869,-0.870896,-0.668454,-0.466223,-0.263877,-0.0613799,0.14288,0.343632,0.538938,0.735166,0.924287,1.10909,1.29051,1.46423,1.63192,1.79183,1.93874,2.08219,2.21558,2.33768,2.44822,2.55209,2.64273,2.72154,2.78933,2.84489,2.88801,2.91941,2.9401,2.94911,2.94325,2.92609,2.90087,2.86021,2.80924,2.74822,2.67422,2.59084,2.49856,2.39612,2.28376,2.16401,2.0339,1.89825,1.75086,1.60146,1.44399,1.27964,1.11348,0.938627,0.763919,0.582534,0.402802,0.217781,0.0332547,-0.153591,-0.33768,-0.522521,-0.706569,-0.887468,-1.06462,-1.23792,-1.40846,-1.57332,-1.73372,-1.88585,-2.03453,-2.17741,-2.31007,-2.43575,-2.55334,-2.66419,-2.76554,-2.85963,-2.94167,-3.01808,-3.08295,-3.14224,-3.1932,-3.23512,-3.27127,-3.29417,-3.31371,-3.32596,-3.3307,-3.33058,-3.32387,-3.31243,-3.29708,-3.27848,-3.25559,-3.23301,-3.20279,-3.17804
-2.50302,-2.28429,-2.06137,-1.83218,-1.60293,-1.37293,-1.14106,-0.912161,-0.684277,-0.462772,-0.244474,-0.0328745,0.172904,0.369117,0.559531,0.737793,0.907815,1.06506,1.21494,1.35615,1.48085,1.60005,1.70426,1.79805,1.87974,1.95456,2.01447,2.06668,2.10836,2.1417,2.16365,2.1805,2.18579,2.18673,2.17881,2.16286,2.13819,2.11108,2.078,2.03837,1.99214,1.94077,1.88645,1.82671,1.75932,1.69146,1.61505,1.53509,1.4514,1.35874,1.26623,1.16499,1.06247,0.955991,0.841751,0.724009,0.601588,0.475052,0.339812,0.206894,0.0691597,-0.0727976,-0.219556,-0.367122,-0.516324,-0.667675,-0.819981,-0.972712,-1.12668,-1.2776,-1.4309,-1.57665,-1.72369,-1.86687,-2.00462,-2.13687,-2.26482,-2.38638,-2.49989,-2.60613,-2.70467,-2.79651,-2.87863,-2.94989,-3.01547,-3.06797,-3.11301,-3.14575,-3.17233,-3.18595,-3.19268,-3.18764,-3.17668,-3.15145,-3.12252,-3.08241,-3.03713,-2.98199,-2.92146,-2.8526
-1.87848,-1.78998,-1.69805,-1.60343,-1.49999,-1.38932,-1.27503,-1.15323,-1.02526,-0.892206,-0.754838,-0.610163,-0.459872,-0.303768,-0.145713,0.0173362,0.184869,0.351044,0.521002,0.689875,0.860057,1.02704,1.19062,1.35411,1.50961,1.6588,1.80717,1.94352,2.07113,2.18836,2.29623,2.39402,2.47847,2.54944,2.60534,2.65023,2.67833,2.69377,2.69211,2.67415,2.64295,2.59643,2.53582,2.46017,2.37139,2.26884,2.15461,2.02664,1.89025,1.74444,1.58544,1.42138,1.25095,1.07528,0.893088,0.709019,0.521776,0.335305,0.148249,-0.0369397,-0.219636,-0.400882,-0.577579,-0.750037,-0.912044,-1.07308,-1.22428,-1.36707,-1.50467,-1.63393,-1.75321,-1.863,-1.97084,-2.06241,-2.14564,-2.22547,-2.29334,-2.35387,-2.40927,-2.45483,-2.4942,-2.53065,-2.55896,-2.58162,-2.59976,-2.6146,-2.62716,-2.63521,-2.64296,-2.64798,-2.65481,-2.656,-2.65771,-2.66334,-2.66691,-2.67165,-2.6805,-2.68791,-2.69768,-2.71192
-2.37241,-2.15755,-1.93966,-1.7216,-1.50409,-1.28501,-1.06588,-0.847515,-0.631225,-0.417646,-0.205735,0.00446938,0.209961,0.413104,0.609132,0.796269,0.981997,1.15882,1.33007,1.49594,1.64897,1.79258,1.92941,2.05565,2.17018,2.27455,2.37127,2.45338,2.52646,2.58577,2.6359,2.67329,2.69647,2.71135,2.71409,2.70587,2.68515,2.65459,2.61414,2.56051,2.49937,2.42805,2.34617,2.25703,2.15744,2.05144,1.93825,1.81847,1.69428,1.56088,1.42379,1.28236,1.1396,0.990497,0.837991,0.685759,0.529288,0.376439,0.221067,0.0651312,-0.089805,-0.242776,-0.394776,-0.544023,-0.691344,-0.835217,-0.976804,-1.11614,-1.24944,-1.38006,-1.50605,-1.62828,-1.7477,-1.8596,-1.96919,-2.07248,-2.17585,-2.27104,-2.36152,-2.45351,-2.53525,-2.61737,-2.69293,-2.76596,-2.83536,-2.90234,-2.96636,-3.02639,-3.08261,-3.13767,-3.18975,-3.23711,-3.28285,-3.32519,-3.3631,-3.39975,-3.43071,-3.4622,-3.4878,-3.51053
-1.93075,-1.81949,-1.69632,-1.56459,-1.42485,-1.27588,-1.11989,-0.956196,-0.788559,-0.615787,-0.438433,-0.259962,-0.0783508,0.102717,0.284354,0.463323,0.638808,0.813794,0.983141,1.14845,1.30521,1.4576,1.60099,1.73672,1.86214,1.97694,2.08327,2.17789,2.26036,2.33185,2.39023,2.43919,2.47443,2.49823,2.51045,2.5116,2.49866,2.47522,2.44042,2.39655,2.33928,2.2735,2.20198,2.11909,2.02643,1.92492,1.82011,1.70821,1.58886,1.46696,1.33738,1.20811,1.07159,0.934057,0.791739,0.649996,0.507881,0.363353,0.219114,0.0746962,-0.0689,-0.21304,-0.354517,-0.494238,-0.6357,-0.77161,-0.908008,-1.04076,-1.17295,-1.30259,-1.42739,-1.55175,-1.67453,-1.79154,-1.90675,-2.01967,-2.12905,-2.23555,-2.33811,-2.43617,-2.5348,-2.625,-2.71068,-2.79364,-2.87374,-2.94759,-3.01665,-3.08049,-3.13797,-3.18729,-3.23383,-3.27224,-3.30422,-3.32871,-3.346,-3.35303,-3.35088,-3.34229,-3.32528,-3.29829
-2.02373,-1.92764,-1.81799,-1.69976,-1.57208,-1.43449,-1.28491,-1.13105,-0.965466,-0.797374,-0.621921,-0.440586,-0.253575,-0.0632525,0.128518,0.322557,0.516716,0.707275,0.895722,1.08074,1.26315,1.43645,1.60602,1.76489,1.91528,2.05598,2.18747,2.30385,2.40867,2.49989,2.57664,2.64121,2.69068,2.72113,2.74165,2.74597,2.73318,2.70992,2.67154,2.61743,2.5487,2.47283,2.37936,2.27634,2.16507,2.04137,1.90982,1.76978,1.62272,1.46824,1.31235,1.149,0.984719,0.815135,0.645389,0.472777,0.301749,0.128009,-0.0379105,-0.207957,-0.372125,-0.538289,-0.696548,-0.848952,-1.00015,-1.14855,-1.29012,-1.42852,-1.55778,-1.68331,-1.80247,-1.9152,-2.02362,-2.12534,-2.2242,-2.31015,-2.39192,-2.46631,-2.53342,-2.59431,-2.64733,-2.69314,-2.72966,-2.75741,-2.77994,-2.788,-2.79106,-2.78535,-2.76798,-2.74217,-2.70431,-2.65898,-2.59911,-2.53033,-2.45129,-2.36233,-2.26069,-2.14766,-2.02627,-1.89298
-2.21934,-1.9542,-1.68853,-1.42236,-1.15883,-0.895733,-0.637693,-0.384409,-0.136615,0.105213,0.339078,0.561533,0.776511,0.981614,1.17419,1.35906,1.52605,1.68525,1.82962,1.96368,2.08268,2.19251,2.28708,2.36851,2.44133,2.49875,2.5447,2.58006,2.60523,2.61971,2.62436,2.62092,2.60621,2.58575,2.55841,2.51912,2.47796,2.42752,2.37128,2.30993,2.24149,2.17196,2.09516,2.01659,1.93135,1.8433,1.74904,1.65401,1.55573,1.45109,1.3439,1.23559,1.12248,1.00421,0.883831,0.759683,0.633915,0.505307,0.370876,0.23421,0.0931577,-0.0454438,-0.190637,-0.336561,-0.484018,-0.632032,-0.781164,-0.934489,-1.08494,-1.23927,-1.38955,-1.5385,-1.68778,-1.83487,-1.97765,-2.12067,-2.25851,-2.39429,-2.52385,-2.64845,-2.76972,-2.88532,-2.99696,-3.10148,-3.20059,-3.29175,-3.37983,-3.45993,-3.53399,-3.60073,-3.66467,-3.71958,-3.77009,-3.8121,-3.84962,-3.88136,-3.90872,-3.93178,-3.94654,-3.95904
-2.49279,-2.24756,-1.99636,-1.74637,-1.4926,-1.23844,-0.985746,-0.731086,-0.479796,-0.233446,0.009261,0.245853,0.479029,0.703962,0.920455,1.12642,1.32658,1.51724,1.69752,1.8663,2.02337,2.16662,2.30104,2.42022,2.52953,2.62399,2.70659,2.77725,2.83533,2.87964,2.91342,2.93457,2.9412,2.93943,2.92485,2.89986,2.86672,2.81928,2.76369,2.69914,2.62739,2.54367,2.45561,2.35928,2.25561,2.14527,2.03063,1.90765,1.78135,1.64853,1.51555,1.37613,1.23528,1.08991,0.9446,0.794256,0.643815,0.49267,0.34041,0.190615,0.0380295,-0.113475,-0.263843,-0.411746,-0.557034,-0.700578,-0.842799,-0.979656,-1.1143,-1.2479,-1.37304,-1.49425,-1.61458,-1.72832,-1.83691,-1.9397,-2.03859,-2.12949,-2.21787,-2.29841,-2.37502,-2.44575,-2.50981,-2.57008,-2.62393,-2.67256,-2.71421,-2.75058,-2.78391,-2.81203,-2.83447,-2.85023,-2.8654,-2.87242,-2.87585,-2.87474,-2.8707,-2.86058,-2.84824,-2.8241
-2.22624,-2.08047,-1.92847,-1.77116,-1.60311,-1.4305,-1.24523,-1.06045,-0.867987,-0.673107,-0.475236,-0.276247,-0.076227,0.126907,0.325501,0.522623,0.719575,0.909579,1.09763,1.27748,1.45244,1.61826,1.77747,1.92979,2.06966,2.19878,2.31872,2.4256,2.52216,2.60628,2.67863,2.74024,2.78234,2.81677,2.83661,2.84767,2.84184,2.82282,2.79326,2.74949,2.69751,2.63346,2.55874,2.47415,2.38068,2.27808,2.16438,2.04646,1.92012,1.78862,1.65073,1.50962,1.35959,1.20963,1.05704,0.902018,0.745179,0.585419,0.428668,0.270073,0.111905,-0.046349,-0.201983,-0.354449,-0.506514,-0.655245,-0.80116,-0.943866,-1.0857,-1.22051,-1.3553,-1.48424,-1.60963,-1.72941,-1.8493,-1.9603,-2.06881,-2.17648,-2.27378,-2.36983,-2.45992,-2.54666,-2.62997,-2.70629,-2.78109,-2.84872,-2.91027,-2.96654,-3.01936,-3.07115,-3.11205,-3.14908,-3.1806,-3.20723,-3.22433,-3.23551,-3.24298,-3.2428,-3.23682,-3.22525
-1.95751,-1.81526,-1.65996,-1.50596,-1.34107,-1.17575,-1.00619,-0.832927,-0.657736,-0.481125,-0.303371,-0.125471,0.054888,0.232054,0.40868,0.583238,0.752475,0.921049,1.08582,1.24284,1.39631,1.54445,1.68157,1.81149,1.93364,2.05206,2.15532,2.25297,2.33971,2.41394,2.47748,2.53109,2.57489,2.60944,2.62653,2.63513,2.63373,2.61813,2.59606,2.55864,2.51396,2.45674,2.39141,2.31657,2.23403,2.14047,2.04039,1.9336,1.81987,1.70001,1.57533,1.44347,1.30958,1.17283,1.03198,0.888368,0.7409,0.596454,0.445908,0.300415,0.153454,0.00651655,-0.141142,-0.284706,-0.428769,-0.568716,-0.707643,-0.843394,-0.97667,-1.10623,-1.23178,-1.35512,-1.47482,-1.59053,-1.70227,-1.81108,-1.91381,-2.01522,-2.111,-2.20117,-2.28837,-2.3713,-2.45079,-2.52527,-2.59367,-2.66175,-2.72163,-2.77831,-2.83117,-2.87941,-2.92248,-2.96188,-2.9936,-3.02229,-3.04696,-3.06601,-3.08283,-3.08861,-3.09333,-3.0935
-2.14126,-1.93771,-1.7339,-1.52524,-1.31706,-1.1048,-0.895937,-0.686628,-0.48147,-0.278447,-0.0786366,0.116074,0.306191,0.48869,0.665274,0.837637,0.999136,1.15269,1.29791,1.43613,1.56288,1.68096,1.78887,1.88765,1.97604,2.05143,2.1204,2.17663,2.22487,2.25967,2.2855,2.30058,2.30778,2.30688,2.29292,2.27264,2.24192,2.20516,2.15959,2.10366,2.04132,1.97639,1.90051,1.81856,1.73168,1.63925,1.53979,1.43921,1.33527,1.2237,1.1125,0.996785,0.876972,0.757647,0.637815,0.511727,0.388157,0.263609,0.135388,0.00834709,-0.11642,-0.23914,-0.364926,-0.490749,-0.61244,-0.737313,-0.854061,-0.972545,-1.08889,-1.20156,-1.31413,-1.42309,-1.53036,-1.63352,-1.73172,-1.83299,-1.92651,-2.01694,-2.10681,-2.19413,-2.27554,-2.35285,-2.42808,-2.49795,-2.56645,-2.62967,-2.68994,-2.74876,-2.79812,-2.84786,-2.89162,-2.93332,-2.97109,-3.00289,-3.03003,-3.05603,-3.0769,-3.09094,-3.10476,-3.11066
-3.31116,-2.92955,-2.55272,-2.18332,-1.82419,-1.47408,-1.13647,-0.804408,-0.488907,-0.186255,0.104602,0.378308,0.637732,0.882662,1.11033,1.32198,1.52031,1.6989,1.86044,2.00602,2.13382,2.24937,2.34435,2.42903,2.49562,2.54462,2.58067,2.60612,2.61836,2.61617,2.60353,2.58038,2.54854,2.50487,2.45532,2.3997,2.3336,2.26215,2.18935,2.10791,2.02309,1.93681,1.84678,1.75267,1.65941,1.56165,1.46375,1.36378,1.26275,1.1626,1.05999,0.958306,0.855091,0.750282,0.64586,0.543094,0.435648,0.330283,0.221857,0.113424,0.00516899,-0.1067,-0.216412,-0.329862,-0.442144,-0.558783,-0.673822,-0.789437,-0.908571,-1.02594,-1.14436,-1.26291,-1.38354,-1.49891,-1.61853,-1.73393,-1.84974,-1.96228,-2.07623,-2.18686,-2.29202,-2.39528,-2.49516,-2.59147,-2.6808,-2.76489,-2.84532,-2.92053,-2.98711,-3.04804,-3.10057,-3.14668,-3.18564,-3.21025,-3.23234,-3.24221,-3.24368,-3.23383,-3.2161,-3.18675
-2.97584,-2.75554,-2.52788,-2.29746,-2.06166,-1.82312,-1.58444,-1.34531,-1.10575,-0.868118,-0.631694,-0.396948,-0.170209,0.0567633,0.27489,0.489342,0.695009,0.890363,1.08253,1.26408,1.43521,1.59561,1.74476,1.88461,2.01169,2.12657,2.22799,2.31987,2.39734,2.4616,2.5121,2.55137,2.57832,2.59217,2.59166,2.58111,2.55689,2.52372,2.47686,2.42459,2.35386,2.27782,2.19125,2.09994,1.99892,1.88993,1.77317,1.6518,1.52196,1.38926,1.2537,1.11042,0.968857,0.820941,0.672012,0.520221,0.368236,0.215733,0.0626254,-0.0926428,-0.246109,-0.397061,-0.546242,-0.696577,-0.843638,-0.990466,-1.13293,-1.27463,-1.40911,-1.54335,-1.67227,-1.79918,-1.92131,-2.03833,-2.1491,-2.25516,-2.35592,-2.45054,-2.53827,-2.62115,-2.69489,-2.76311,-2.82272,-2.87702,-2.92039,-2.96115,-2.98959,-3.00818,-3.01956,-3.02565,-3.02094,-3.00638,-2.98572,-2.95536,-2.91556,-2.8687,-2.81372,-2.75345,-2.68246,-2.60636
-1.6065,-1.54105,-1.46725,-1.38271,-1.28679,-1.18104,-1.06529,-0.942303,-0.808504,-0.673533,-0.529126,-0.379507,-0.227695,-0.0717836,0.0881059,0.246881,0.4046,0.562611,0.7211,0.871835,1.02067,1.16507,1.30358,1.43663,1.56095,1.67725,1.78586,1.885,1.97525,2.05502,2.12575,2.18534,2.23573,2.27264,2.30239,2.31682,2.32562,2.3208,2.30823,2.28492,2.25029,2.20867,2.15453,2.09378,2.02617,1.94972,1.86343,1.77206,1.67471,1.57105,1.4605,1.34624,1.22481,1.10076,0.973967,0.841784,0.708338,0.568994,0.42819,0.286553,0.143801,-0.000467382,-0.14842,-0.29397,-0.438836,-0.584448,-0.730514,-0.873259,-1.01603,-1.15672,-1.29652,-1.43179,-1.56402,-1.69448,-1.82118,-1.94617,-2.06257,-2.17935,-2.29119,-2.39327,-2.49554,-2.58861,-2.68078,-2.76515,-2.84425,-2.91827,-2.98552,-3.04698,-3.10818,-3.16208,-3.20642,-3.24847,-3.28709,-3.31934,-3.34634,-3.37273,-3.39302,-3.41064,-3.42549,-3.437
-2.20431,-2.05979,-1.91415,-1.75938,-1.60567,-1.44624,-1.28707,-1.12282,-0.958314,-0.792464,-0.624432,-0.459325,-0.293544,-0.129963,0.031503,0.193538,0.350095,0.506623,0.655881,0.803015,0.944906,1.08022,1.21159,1.33439,1.45201,1.56263,1.6666,1.76149,1.84806,1.92698,1.99788,2.05843,2.112,2.15311,2.18905,2.21266,2.22545,2.22821,2.22238,2.207,2.1816,2.14569,2.099,2.04422,1.9787,1.90532,1.821,1.72883,1.62912,1.52219,1.40535,1.28286,1.15351,1.01736,0.875782,0.729209,0.577504,0.423414,0.265622,0.105521,-0.0569211,-0.219889,-0.380957,-0.546186,-0.70589,-0.866096,-1.02458,-1.17663,-1.32532,-1.47238,-1.61301,-1.74671,-1.87478,-1.9965,-2.11027,-2.21697,-2.31624,-2.40591,-2.48996,-2.56203,-2.62341,-2.67784,-2.72228,-2.76004,-2.78778,-2.80601,-2.81501,-2.81503,-2.80762,-2.7911,-2.76778,-2.73557,-2.69926,-2.65285,-2.60104,-2.54533,-2.481,-2.41517,-2.34262,-2.2678
-1.90776,-1.7611,-1.60774,-1.44938,-1.28297,-1.11234,-0.93964,-0.761619,-0.581438,-0.402237,-0.21775,-0.0330879,0.14853,0.32617,0.505016,0.680705,0.848078,1.01338,1.17266,1.32495,1.47072,1.60966,1.74051,1.86083,1.97352,2.07301,2.16649,2.24819,2.31901,2.37945,2.43098,2.47153,2.4984,2.51921,2.52481,2.5217,2.51007,2.48626,2.45333,2.41295,2.3634,2.30489,2.23897,2.16673,2.08486,1.99897,1.90606,1.80968,1.70968,1.60234,1.49325,1.3809,1.26474,1.14837,1.02981,0.907426,0.787927,0.666818,0.547027,0.426009,0.308951,0.18956,0.0717229,-0.0449489,-0.157308,-0.269901,-0.378024,-0.485939,-0.589855,-0.692493,-0.79402,-0.889183,-0.9841,-1.07622,-1.16884,-1.25297,-1.33819,-1.42177,-1.50243,-1.58132,-1.65787,-1.73709,-1.80838,-1.88453,-1.9579,-2.03372,-2.10495,-2.17784,-2.2501,-2.32628,-2.40204,-2.47896,-2.55607,-2.6374,-2.71985,-2.80222,-2.89085,-2.97887,-3.06887,-3.16325
-2.34867,-2.1478,-1.94202,-1.73535,-1.52573,-1.31369,-1.1047,-0.897211,-0.688733,-0.48291,-0.278258,-0.0790896,0.115472,0.305536,0.48904,0.667736,0.843172,1.00875,1.17031,1.32274,1.46689,1.60442,1.73215,1.85482,1.96747,2.07049,2.16853,2.25309,2.33294,2.40343,2.46363,2.51417,2.55834,2.59301,2.61916,2.63621,2.64363,2.64212,2.62911,2.61057,2.58394,2.54809,2.502,2.45044,2.3895,2.31614,2.23779,2.1513,2.05701,1.95332,1.844,1.72636,1.60333,1.46975,1.33201,1.18708,1.03673,0.881091,0.722367,0.556418,0.388225,0.2163,0.0447231,-0.13495,-0.310955,-0.489182,-0.668138,-0.848378,-1.02563,-1.19915,-1.37058,-1.54136,-1.70378,-1.86222,-2.01719,-2.16302,-2.30058,-2.43187,-2.55586,-2.66921,-2.7732,-2.86645,-2.94894,-3.02161,-3.07966,-3.12665,-3.16219,-3.18852,-3.19752,-3.19457,-3.18077,-3.15412,-3.11525,-3.06323,-2.9996,-2.92604,-2.83917,-2.74247,-2.63406,-2.51741
-2.31406,-2.02175,-1.73459,-1.44535,-1.16268,-0.883029,-0.60831,-0.341382,-0.080947,0.173775,0.41807,0.651447,0.874522,1.0904,1.28994,1.48072,1.65843,1.82256,1.97629,2.11164,2.23898,2.35124,2.45018,2.53386,2.60315,2.66098,2.70681,2.74043,2.75894,2.76571,2.76299,2.74847,2.72053,2.68327,2.63867,2.58482,2.52046,2.44691,2.3705,2.28516,2.19217,2.096,1.9916,1.88434,1.77106,1.65524,1.5389,1.41858,1.29131,1.16873,1.03964,0.909949,0.781421,0.652982,0.523539,0.392023,0.261183,0.134054,0.00655413,-0.118987,-0.245815,-0.368336,-0.4903,-0.610626,-0.730987,-0.844858,-0.955865,-1.06857,-1.17508,-1.27689,-1.37593,-1.4711,-1.5638,-1.65207,-1.73692,-1.81403,-1.89001,-1.95875,-2.02458,-2.08474,-2.13941,-2.1872,-2.23051,-2.2704,-2.30331,-2.33097,-2.35253,-2.37004,-2.37856,-2.38415,-2.38595,-2.37875,-2.36678,-2.3511,-2.33124,-2.30339,-2.27221,-2.2384,-2.19642,-2.15554
-1.34963,-1.26329,-1.17564,-1.07882,-0.979587,-0.879425,-0.773138,-0.662559,-0.546038,-0.429913,-0.309855,-0.187615,-0.0634384,0.0636702,0.190906,0.320737,0.450761,0.580062,0.707784,0.836823,0.962381,1.0857,1.20858,1.32627,1.44111,1.54985,1.65377,1.75261,1.84427,1.93014,2.00668,2.07697,2.13885,2.19068,2.22984,2.26531,2.28407,2.29642,2.2969,2.28732,2.26656,2.23376,2.19457,2.14023,2.0747,2.00158,1.91855,1.82404,1.72074,1.60812,1.48929,1.36349,1.22744,1.08711,0.940166,0.787945,0.634263,0.474593,0.311565,0.146521,-0.0187309,-0.186846,-0.354551,-0.521528,-0.686008,-0.848805,-1.01265,-1.17204,-1.32706,-1.47916,-1.62495,-1.77064,-1.90821,-2.04122,-2.16656,-2.28935,-2.40354,-2.51161,-2.6135,-2.70731,-2.79476,-2.8764,-2.94837,-3.0163,-3.07665,-3.12685,-3.17191,-3.21094,-3.24492,-3.26937,-3.28996,-3.30339,-3.31199,-3.31517,-3.31153,-3.30546,-3.2958,-3.28476,-3.26894,-3.24723
-1.82381,-1.65446,-1.47804,-1.30048,-1.11882,-0.936128,-0.74995,-0.561211,-0.371411,-0.183864,0.00397939,0.18932,0.373715,0.555045,0.735902,0.910367,1.0826,1.24589,1.4065,1.56013,1.70892,1.84676,1.97886,2.09888,2.21266,2.31581,2.40867,2.49215,2.56434,2.62615,2.67224,2.7132,2.7385,2.75258,2.75587,2.74685,2.72681,2.69582,2.65086,2.59432,2.53221,2.45446,2.36953,2.27172,2.16966,2.05938,1.93633,1.81002,1.67749,1.53707,1.39339,1.24514,1.09281,0.937476,0.780576,0.623098,0.465219,0.307406,0.146194,-0.00974619,-0.164194,-0.320516,-0.469938,-0.613812,-0.756818,-0.89836,-1.0318,-1.16233,-1.28815,-1.40827,-1.52248,-1.6362,-1.7414,-1.8429,-1.93989,-2.03234,-2.12247,-2.20521,-2.28568,-2.36111,-2.43265,-2.5016,-2.56685,-2.62943,-2.68813,-2.74605,-2.80159,-2.85345,-2.90478,-2.95281,-3.00026,-3.04744,-3.09158,-3.13494,-3.17802,-3.21848,-3.25998,-3.3004,-3.33801,-3.37498
-1.75569,-1.56811,-1.37747,-1.18318,-0.988444,-0.789982,-0.59264,-0.395313,-0.193699,0.00621132,0.202858,0.397501,0.591657,0.779937,0.966952,1.14879,1.3243,1.49247,1.65505,1.81209,1.95826,2.09505,2.22268,2.339,2.44539,2.54205,2.62588,2.69603,2.75581,2.80119,2.832,2.85173,2.85993,2.85309,2.83245,2.80064,2.75788,2.70053,2.6332,2.55401,2.46369,2.36372,2.25476,2.14003,2.01044,1.87826,1.73988,1.59455,1.44482,1.29023,1.13407,0.973328,0.81426,0.651937,0.492344,0.330481,0.172338,0.016051,-0.140906,-0.289771,-0.435543,-0.580044,-0.715619,-0.849645,-0.974899,-1.09671,-1.21027,-1.31876,-1.42259,-1.51528,-1.60354,-1.68763,-1.76442,-1.83345,-1.89635,-1.95425,-2.00597,-2.05282,-2.09557,-2.13153,-2.1622,-2.192,-2.21547,-2.236,-2.24992,-2.2656,-2.2804,-2.29041,-2.29965,-2.30738,-2.31292,-2.32005,-2.32849,-2.33453,-2.34072,-2.34902,-2.35997,-2.36964,-2.38135,-2.39492
-2.79136,-2.61005,-2.42221,-2.22951,-2.03593,-1.83898,-1.63762,-1.43614,-1.22974,-1.02548,-0.81965,-0.613098,-0.409085,-0.20818,-0.00799451,0.189022,0.384334,0.572902,0.756162,0.935842,1.10943,1.27447,1.43234,1.58232,1.72256,1.85812,1.9801,2.09023,2.19463,2.28265,2.36387,2.43495,2.49316,2.53673,2.57087,2.59372,2.60363,2.6017,2.59065,2.56484,2.53204,2.48659,2.42985,2.36609,2.29007,2.20534,2.11305,2.01005,1.90269,1.78745,1.6637,1.53772,1.40287,1.26509,1.12204,0.975646,0.82857,0.674847,0.521094,0.36245,0.206178,0.0473842,-0.112163,-0.267912,-0.42686,-0.583669,-0.738495,-0.890619,-1.04235,-1.19138,-1.33648,-1.47995,-1.61971,-1.75731,-1.88718,-2.01292,-2.13432,-2.24995,-2.36284,-2.46531,-2.56603,-2.65924,-2.74521,-2.82261,-2.89562,-2.95656,-3.01501,-3.06171,-3.09929,-3.13195,-3.15367,-3.1669,-3.17032,-3.1641,-3.15104,-3.12499,-3.09264,-3.04747,-2.99422,-2.93259
-2.28485,-2.09835,-1.90448,-1.70674,-1.4992,-1.29113,-1.07979,-0.867936,-0.653515,-0.441494,-0.228043,-0.0201563,0.189616,0.38944,0.587219,0.777429,0.961486,1.13679,1.3044,1.4639,1.61267,1.75532,1.88165,2.00211,2.10788,2.20441,2.29083,2.36196,2.42255,2.47303,2.51353,2.54214,2.55549,2.56101,2.55493,2.53893,2.51211,2.47709,2.43199,2.37516,2.31309,2.24198,2.16296,2.07683,1.9846,1.88497,1.78006,1.66955,1.55246,1.43187,1.30653,1.17616,1.04442,0.909929,0.771539,0.630813,0.488521,0.34417,0.202867,0.056175,-0.087282,-0.23233,-0.377442,-0.521952,-0.666415,-0.808325,-0.94883,-1.08765,-1.22388,-1.35489,-1.48624,-1.61372,-1.73806,-1.86114,-1.97575,-2.09083,-2.19915,-2.30625,-2.40683,-2.50288,-2.59325,-2.68261,-2.76196,-2.83946,-2.917,-2.98449,-3.04697,-3.10924,-3.16338,-3.21368,-3.25978,-3.30435,-3.34235,-3.37431,-3.40796,-3.43467,-3.46062,-3.48222,-3.5016,-3.52065
-2.66408,-2.45059,-2.23229,-2.00957,-1.78631,-1.56119,-1.3338,-1.1066,-0.878183,-0.652966,-0.428811,-0.207455,0.00898386,0.224266,0.432241,0.634318,0.829785,1.0194,1.20111,1.37092,1.5357,1.6866,1.83179,1.96535,2.08654,2.19634,2.2937,2.38117,2.45434,2.51544,2.56619,2.60224,2.62679,2.63912,2.63739,2.62684,2.60218,2.56451,2.51716,2.46173,2.39303,2.3134,2.22718,2.12974,2.02566,1.91291,1.79411,1.66718,1.53631,1.39639,1.25564,1.10903,0.963265,0.811231,0.65916,0.504488,0.348804,0.193383,0.0390413,-0.114096,-0.266764,-0.417604,-0.564757,-0.708992,-0.850976,-0.988435,-1.12288,-1.2527,-1.37849,-1.50232,-1.61963,-1.73262,-1.84131,-1.94334,-2.0423,-2.13735,-2.22378,-2.30775,-2.3859,-2.45986,-2.5292,-2.59466,-2.65253,-2.70923,-2.75955,-2.80579,-2.84651,-2.88454,-2.91862,-2.9475,-2.97296,-2.99234,-3.00853,-3.0237,-3.03383,-3.03943,-3.04213,-3.04043,-3.03855,-3.03106
-1.50116,-1.27702,-1.05605,-0.834976,-0.618176,-0.407073,-0.200288,0.00276225,0.196953,0.383205,0.56399,0.734617,0.899872,1.05568,1.20035,1.33627,1.46377,1.57885,1.68889,1.78537,1.87433,1.95203,2.02245,2.08273,2.1328,2.17338,2.20452,2.2295,2.24396,2.24882,2.25045,2.24319,2.22691,2.20371,2.17523,2.13948,2.09916,2.05019,1.99858,1.93745,1.87538,1.80518,1.73225,1.65423,1.57298,1.4861,1.39454,1.29949,1.19961,1.10053,0.996347,0.887582,0.776692,0.663051,0.548557,0.431264,0.312989,0.189706,0.0694514,-0.0519893,-0.178282,-0.301598,-0.426379,-0.552116,-0.677764,-0.801261,-0.925059,-1.04677,-1.1655,-1.28596,-1.40178,-1.51687,-1.62905,-1.73767,-1.84495,-1.94656,-2.04686,-2.13988,-2.23321,-2.31843,-2.39884,-2.47627,-2.54818,-2.61362,-2.67313,-2.72693,-2.77643,-2.81646,-2.85314,-2.8815,-2.90231,-2.91697,-2.92135,-2.92275,-2.91389,-2.89946,-2.87529,-2.84461,-2.80497,-2.76035
-1.49984,-1.43445,-1.36299,-1.27743,-1.18651,-1.0868,-0.97893,-0.867268,-0.7454,-0.618489,-0.489068,-0.351309,-0.211981,-0.0726416,0.0739712,0.222066,0.366977,0.512143,0.658898,0.799846,0.937383,1.07262,1.20334,1.3269,1.44378,1.55582,1.65809,1.75188,1.83537,1.91004,1.972,2.02627,2.06892,2.09972,2.12003,2.12699,2.12534,2.10849,2.08246,2.04373,1.99684,1.93649,1.86501,1.7855,1.69703,1.60161,1.49533,1.38577,1.26747,1.14327,1.01275,0.878784,0.744619,0.603975,0.465096,0.319721,0.179615,0.0362837,-0.106027,-0.245786,-0.386198,-0.521218,-0.656777,-0.787843,-0.914517,-1.03739,-1.15832,-1.27501,-1.38492,-1.49327,-1.59736,-1.69491,-1.79084,-1.87819,-1.96361,-2.04482,-2.12351,-2.19778,-2.26859,-2.33653,-2.39873,-2.46018,-2.5198,-2.57725,-2.62866,-2.67889,-2.72821,-2.77349,-2.81704,-2.86246,-2.90049,-2.93792,-2.97714,-3.01142,-3.04211,-3.07206,-3.09742,-3.1248,-3.14417,-3.16361
-1.40829,-1.2032,-0.999851,-0.796323,-0.598424,-0.401185,-0.20947,-0.0237753,0.160892,0.336557,0.507895,0.672263,0.830761,0.981933,1.12424,1.26634,1.39442,1.51429,1.63116,1.73811,1.83502,1.92701,2.00922,2.08254,2.14748,2.2051,2.25523,2.29739,2.33016,2.3557,2.37246,2.38088,2.38124,2.3748,2.3588,2.33365,2.30243,2.26168,2.21331,2.16109,2.09749,2.02482,1.94748,1.86285,1.76923,1.67316,1.56875,1.45831,1.34321,1.22471,1.09916,0.970158,0.839206,0.70153,0.566408,0.425226,0.284298,0.144368,0.00433485,-0.137295,-0.279436,-0.415861,-0.551006,-0.682392,-0.814952,-0.938303,-1.06388,-1.18069,-1.29288,-1.40095,-1.50381,-1.60223,-1.69353,-1.78057,-1.86268,-1.93769,-2.00632,-2.07077,-2.12692,-2.17797,-2.22484,-2.26818,-2.30571,-2.33619,-2.36448,-2.38928,-2.40773,-2.42086,-2.43153,-2.43798,-2.44042,-2.43711,-2.43624,-2.42424,-2.41266,-2.39688,-2.37581,-2.3508,-2.32235,-2.28832
-2.01441,-1.85016,-1.68097,-1.50846,-1.33231,-1.1525,-0.969257,-0.785979,-0.604574,-0.418446,-0.235671,-0.0529269,0.128194,0.306094,0.480014,0.650735,0.815625,0.978257,1.13311,1.28039,1.41984,1.55387,1.67824,1.79103,1.89779,1.99333,2.07636,2.15322,2.22096,2.27408,2.31581,2.34946,2.36868,2.37623,2.37705,2.36614,2.34417,2.31334,2.26975,2.22012,2.16275,2.09483,2.01674,1.93539,1.84369,1.74857,1.64623,1.5397,1.42666,1.31193,1.18921,1.06782,0.942581,0.812307,0.681205,0.552504,0.419993,0.286212,0.154295,0.0212975,-0.112848,-0.244391,-0.376545,-0.505026,-0.636793,-0.767014,-0.895718,-1.02008,-1.14823,-1.27108,-1.39555,-1.51917,-1.63946,-1.75677,-1.87626,-1.99089,-2.10558,-2.21849,-2.32887,-2.43674,-2.54339,-2.64834,-2.74714,-2.84416,-2.93932,-3.02973,-3.11753,-3.19999,-3.27777,-3.34974,-3.4162,-3.47928,-3.53493,-3.58359,-3.62664,-3.66139,-3.69113,-3.71177,-3.72482,-3.73003
-1.58992,-1.48794,-1.37296,-1.24605,-1.11086,-0.964764,-0.810973,-0.652816,-0.482723,-0.309944,-0.132033,0.0487229,0.232303,0.414217,0.598038,0.780147,0.958766,1.13423,1.30344,1.46907,1.62498,1.77499,1.91466,2.0454,2.16682,2.27772,2.37503,2.46275,2.53875,2.59912,2.65179,2.69093,2.71725,2.7287,2.73169,2.72107,2.69891,2.66641,2.62311,2.56936,2.5058,2.43475,2.34969,2.26063,2.16354,2.06134,1.95127,1.83633,1.71554,1.59199,1.46587,1.33322,1.19968,1.06341,0.926454,0.788506,0.6495,0.512726,0.373102,0.234893,0.101049,-0.0352461,-0.169217,-0.301336,-0.432084,-0.560187,-0.684556,-0.807127,-0.926284,-1.04295,-1.15603,-1.26774,-1.3744,-1.47824,-1.58019,-1.67648,-1.77114,-1.86328,-1.95018,-2.03189,-2.1139,-2.19,-2.26339,-2.33464,-2.39888,-2.46116,-2.52274,-2.57395,-2.62767,-2.67495,-2.72048,-2.76036,-2.79885,-2.83012,-2.85992,-2.88596,-2.91055,-2.93052,-2.94335,-2.9565
-2.15374,-2.02978,-1.89971,-1.76021,-1.61086,-1.4582,-1.29201,-1.1238,-0.943732,-0.764889,-0.57693,-0.386165,-0.196491,-0.000733816,0.193574,0.389432,0.579205,0.768201,0.954176,1.13402,1.30682,1.47258,1.63038,1.77566,1.9152,2.04041,2.15471,2.25742,2.34436,2.42138,2.48151,2.52896,2.55848,2.5742,2.57623,2.56432,2.53703,2.49369,2.43982,2.36828,2.28656,2.19265,2.08491,1.96536,1.83896,1.69945,1.55258,1.39954,1.2391,1.07058,0.901491,0.723263,0.545856,0.364337,0.182553,0.000459373,-0.18125,-0.36349,-0.540934,-0.716791,-0.886587,-1.05336,-1.21441,-1.37338,-1.51985,-1.66484,-1.79986,-1.92873,-2.04919,-2.16271,-2.26658,-2.36295,-2.4501,-2.53114,-2.60254,-2.66589,-2.71981,-2.76629,-2.807,-2.83663,-2.8626,-2.88027,-2.8911,-2.89594,-2.8942,-2.88928,-2.87929,-2.86528,-2.84501,-2.823,-2.79792,-2.77059,-2.74077,-2.70889,-2.67853,-2.64379,-2.60896,-2.57571,-2.54267,-2.51033
-1.87731,-1.76401,-1.64612,-1.51732,-1.38858,-1.24822,-1.10456,-0.956479,-0.802847,-0.645364,-0.48463,-0.319995,-0.155351,0.0117056,0.177931,0.3457,0.50901,0.670338,0.829888,0.986269,1.13795,1.28296,1.42036,1.55104,1.67461,1.78866,1.89471,1.98776,2.0717,2.14416,2.20609,2.25362,2.29254,2.31697,2.33104,2.33065,2.32111,2.29897,2.26684,2.21993,2.16469,2.10157,2.02841,1.94498,1.85629,1.75936,1.65496,1.54631,1.43149,1.31589,1.19848,1.07497,0.951177,0.827855,0.702905,0.581674,0.461844,0.342368,0.222267,0.108224,-0.00142555,-0.112002,-0.217883,-0.323007,-0.422101,-0.517874,-0.610526,-0.703411,-0.791631,-0.87859,-0.959814,-1.04443,-1.12625,-1.20612,-1.2846,-1.36468,-1.44496,-1.52355,-1.60609,-1.685,-1.7675,-1.8499,-1.93389,-2.01809,-2.1038,-2.18732,-2.27445,-2.35784,-2.44141,-2.52652,-2.60859,-2.68962,-2.76845,-2.84182,-2.91513,-2.9804,-3.04364,-3.10086,-3.15123,-3.19725
-2.16278,-1.97773,-1.78799,-1.59553,-1.4031,-1.20572,-1.01265,-0.815442,-0.616116,-0.417049,-0.221425,-0.0252588,0.167431,0.357428,0.545546,0.726086,0.904262,1.07472,1.23954,1.39785,1.54908,1.68626,1.81953,1.94398,2.05609,2.15681,2.24621,2.32411,2.38996,2.44444,2.48839,2.51851,2.53745,2.54265,2.53956,2.52062,2.49301,2.45278,2.40418,2.34388,2.27416,2.19709,2.1092,2.01599,1.9153,1.80867,1.69485,1.57684,1.45702,1.33176,1.20328,1.07282,0.939851,0.805665,0.676527,0.542239,0.406275,0.277513,0.147202,0.0182011,-0.107386,-0.23413,-0.353937,-0.474983,-0.589682,-0.70354,-0.814542,-0.920499,-1.02729,-1.12677,-1.22369,-1.31526,-1.40832,-1.49447,-1.58143,-1.66409,-1.74301,-1.81864,-1.89342,-1.96298,-2.02804,-2.09464,-2.15662,-2.21623,-2.27372,-2.32506,-2.37715,-2.42536,-2.47077,-2.51351,-2.55244,-2.58767,-2.62175,-2.6514,-2.6783,-2.70206,-2.71968,-2.73699,-2.74811,-2.75436
-2.42797,-2.23694,-2.04064,-1.84291,-1.63725,-1.43091,-1.22242,-1.01245,-0.802558,-0.594344,-0.385577,-0.182146,0.0182171,0.215663,0.409809,0.597089,0.778227,0.952914,1.11853,1.27751,1.42896,1.57221,1.70297,1.8287,1.94048,2.04655,2.1405,2.2252,2.29727,2.36247,2.41571,2.45911,2.49186,2.51347,2.52823,2.53019,2.52543,2.50913,2.4863,2.45104,2.41308,2.362,2.30277,2.23467,2.16056,2.07521,1.98736,1.88872,1.78815,1.67452,1.55831,1.43696,1.30613,1.17317,1.03316,0.887776,0.742337,0.587332,0.433045,0.276517,0.115788,-0.0484217,-0.213141,-0.376455,-0.541613,-0.704319,-0.869186,-1.02901,-1.18771,-1.34152,-1.49133,-1.63627,-1.77611,-1.90572,-2.02951,-2.14779,-2.25811,-2.35497,-2.445,-2.5222,-2.59129,-2.64509,-2.68875,-2.72292,-2.74503,-2.75222,-2.75018,-2.73348,-2.70769,-2.67224,-2.62247,-2.56415,-2.49649,-2.41704,-2.3328,-2.23803,-2.1398,-2.03486,-1.92556,-1.81043
-2.743,-2.51654,-2.28139,-2.04521,-1.803,-1.56302,-1.32275,-1.07917,-0.836974,-0.595695,-0.356095,-0.121343,0.109131,0.333742,0.553698,0.766492,0.974577,1.17251,1.36138,1.53847,1.70893,1.86818,2.01339,2.15043,2.27265,2.38327,2.48146,2.56828,2.63959,2.69954,2.74604,2.77827,2.79723,2.80685,2.8001,2.7819,2.75226,2.70893,2.65732,2.59334,2.52086,2.43709,2.34441,2.24229,2.13168,2.01643,1.89382,1.7632,1.6306,1.49257,1.34988,1.20171,1.05579,0.904774,0.75427,0.601801,0.451195,0.300229,0.151983,0.00124057,-0.145106,-0.288772,-0.428798,-0.566907,-0.703174,-0.833663,-0.958396,-1.08254,-1.20033,-1.31356,-1.42383,-1.52687,-1.62695,-1.72199,-1.8113,-1.89618,-1.97845,-2.05242,-2.12586,-2.19162,-2.2565,-2.31314,-2.36826,-2.41688,-2.46335,-2.50412,-2.54291,-2.57622,-2.60891,-2.63483,-2.65936,-2.68269,-2.70121,-2.71743,-2.73254,-2.74346,-2.75349,-2.76284,-2.76739,-2.77575
-1.78522,-1.62926,-1.46671,-1.30034,-1.12791,-0.956649,-0.78049,-0.599736,-0.415609,-0.230285,-0.0434995,0.142096,0.32721,0.513394,0.696281,0.876054,1.05171,1.22752,1.39482,1.5574,1.71531,1.86631,2.00946,2.14502,2.27275,2.3922,2.50221,2.60108,2.69123,2.77087,2.83819,2.8941,2.93875,2.97001,2.99169,3.00316,3.00102,2.98884,2.9633,2.9273,2.87744,2.82151,2.75092,2.67098,2.58256,2.48286,2.37733,2.26179,2.13859,2.00784,1.8697,1.72702,1.57771,1.42716,1.26903,1.10881,0.947234,0.781442,0.616272,0.446799,0.280227,0.114705,-0.0507093,-0.215409,-0.375511,-0.533228,-0.688647,-0.839172,-0.985899,-1.12819,-1.26593,-1.39829,-1.52283,-1.64418,-1.75697,-1.86017,-1.96175,-2.0503,-2.13488,-2.20957,-2.27921,-2.34054,-2.39068,-2.43595,-2.4728,-2.49907,-2.52023,-2.53124,-2.53539,-2.52833,-2.51593,-2.49581,-2.46712,-2.43185,-2.38976,-2.34165,-2.28461,-2.22321,-2.15707,-2.08423
-2.23632,-2.0046,-1.76884,-1.53478,-1.30257,-1.07162,-0.841727,-0.618831,-0.401353,-0.190675,0.0148707,0.213001,0.401598,0.581319,0.751398,0.910864,1.06307,1.20299,1.33466,1.45377,1.56415,1.6617,1.752,1.83186,1.90079,1.96112,2.0135,2.05482,2.08925,2.11338,2.13086,2.14265,2.14653,2.14266,2.13395,2.1161,2.09509,2.06753,2.03571,1.99953,1.95963,1.91151,1.8611,1.80531,1.7477,1.68556,1.61884,1.54948,1.47194,1.39658,1.31631,1.22863,1.13942,1.04688,0.950423,0.849986,0.743562,0.635811,0.523993,0.407383,0.287523,0.163591,0.033899,-0.0972834,-0.23076,-0.366618,-0.505086,-0.646696,-0.788239,-0.933076,-1.07841,-1.22453,-1.36907,-1.51347,-1.65658,-1.79763,-1.9352,-2.06866,-2.19979,-2.32269,-2.44154,-2.55432,-2.66269,-2.76004,-2.8484,-2.9289,-2.9977,-3.05906,-3.11081,-3.14869,-3.17848,-3.19461,-3.196,-3.19032,-3.17264,-3.14205,-3.10008,-3.04927,-2.98308,-2.91001
-2.7784,-2.55498,-2.32926,-2.10353,-1.87618,-1.65063,-1.42512,-1.20194,-0.982147,-0.765762,-0.551337,-0.344332,-0.140451,0.056066,0.249833,0.434679,0.615548,0.784736,0.948275,1.10395,1.25349,1.39271,1.52416,1.64513,1.75897,1.86157,1.95762,2.04231,2.11682,2.18418,2.24181,2.2869,2.32132,2.34897,2.36535,2.36879,2.36914,2.35351,2.32887,2.29373,2.25064,2.19593,2.13093,2.05693,1.97338,1.88061,1.77841,1.66778,1.54945,1.42318,1.28656,1.14512,0.995889,0.842186,0.679352,0.513951,0.34413,0.170158,-0.00576121,-0.185081,-0.364871,-0.544759,-0.723952,-0.903725,-1.08109,-1.25605,-1.42493,-1.59206,-1.75609,-1.90937,-2.06007,-2.20356,-2.33615,-2.46194,-2.579,-2.68705,-2.7838,-2.87172,-2.95069,-3.01714,-3.07533,-3.12341,-3.15783,-3.18364,-3.20247,-3.20793,-3.2055,-3.19383,-3.17277,-3.14408,-3.10917,-3.06431,-3.01621,-2.96184,-2.90121,-2.83767,-2.77176,-2.7017,-2.6308,-2.5552
-2.07021,-1.89477,-1.71469,-1.53287,-1.34715,-1.16476,-0.981729,-0.800587,-0.618583,-0.443041,-0.269843,-0.100138,0.061864,0.2214,0.374563,0.522071,0.65929,0.791472,0.915116,1.03146,1.13845,1.23695,1.32797,1.41146,1.48607,1.552,1.60929,1.65668,1.69894,1.73206,1.7584,1.77426,1.78428,1.78892,1.78344,1.77465,1.75615,1.73537,1.70605,1.67149,1.62849,1.58308,1.53284,1.47466,1.41353,1.3487,1.27751,1.20316,1.12504,1.03946,0.953873,0.86084,0.765922,0.669928,0.569679,0.462398,0.353702,0.245231,0.130967,0.0181854,-0.097564,-0.215403,-0.334024,-0.454994,-0.577042,-0.699308,-0.818513,-0.938369,-1.06163,-1.18028,-1.29735,-1.41495,-1.52908,-1.63961,-1.74955,-1.85456,-1.95816,-2.05784,-2.15247,-2.24215,-2.33085,-2.41329,-2.49106,-2.56425,-2.63667,-2.70147,-2.75986,-2.81696,-2.86595,-2.91654,-2.95923,-2.99907,-3.03534,-3.06468,-3.09361,-3.11979,-3.13977,-3.15898,-3.17393,-3.18766
-1.6303,-1.46933,-1.3014,-1.12774,-0.948172,-0.763535,-0.575285,-0.382981,-0.19026,0.00496725,0.197879,0.393147,0.587962,0.775891,0.960554,1.14006,1.31904,1.48831,1.64833,1.80375,1.94767,2.08701,2.21048,2.32934,2.43097,2.52455,2.60746,2.67555,2.7342,2.77762,2.80961,2.83186,2.83954,2.83605,2.81847,2.79151,2.75386,2.7028,2.64439,2.57461,2.49577,2.40869,2.31356,2.20954,2.10139,1.98712,1.86855,1.74152,1.613,1.48135,1.34748,1.2123,1.07789,0.937197,0.79891,0.660668,0.522102,0.387068,0.252064,0.117792,-0.0126277,-0.142398,-0.268421,-0.393041,-0.51401,-0.632045,-0.749207,-0.862,-0.971758,-1.08276,-1.1879,-1.29133,-1.39133,-1.49076,-1.58623,-1.68112,-1.77337,-1.86477,-1.95388,-2.03869,-2.12476,-2.21076,-2.29155,-2.37239,-2.45137,-2.52819,-2.60295,-2.67427,-2.74321,-2.81291,-2.87669,-2.93874,-2.99677,-3.05198,-3.10549,-3.15315,-3.19926,-3.23777,-3.27108,-3.30364
-2.30766,-2.09141,-1.86534,-1.63405,-1.40176,-1.16741,-0.930148,-0.696863,-0.460666,-0.230467,-0.00315483,0.218795,0.435655,0.645829,0.849789,1.04368,1.2286,1.40386,1.57032,1.72561,1.86986,2.00606,2.12648,2.2374,2.33761,2.42518,2.5015,2.56398,2.61681,2.65972,2.68978,2.71059,2.71977,2.71777,2.7073,2.68389,2.65213,2.61092,2.56067,2.50443,2.43619,2.36176,2.27648,2.18432,2.08316,1.97847,1.86441,1.74608,1.61803,1.48304,1.34534,1.19929,1.04552,0.892262,0.729376,0.566039,0.394425,0.223084,0.046278,-0.129761,-0.31057,-0.489693,-0.672751,-0.853729,-1.03298,-1.21266,-1.3887,-1.56148,-1.72984,-1.89742,-2.05652,-2.20933,-2.35647,-2.49613,-2.62613,-2.74906,-2.86344,-2.9656,-3.05445,-3.13646,-3.20568,-3.26248,-3.30625,-3.33883,-3.35585,-3.36143,-3.35455,-3.33335,-3.29804,-3.25137,-3.19001,-3.11711,-3.03094,-2.93429,-2.82552,-2.70317,-2.5712,-2.42963,-2.27632,-2.11408
-2.05492,-1.85047,-1.63753,-1.42337,-1.20504,-0.981285,-0.756937,-0.52985,-0.304336,-0.0787749,0.144906,0.363256,0.577425,0.787649,0.991759,1.1858,1.37577,1.55012,1.72182,1.8798,2.0271,2.16422,2.28663,2.39811,2.49697,2.58281,2.65432,2.71299,2.76003,2.79178,2.81132,2.81899,2.81331,2.7964,2.76776,2.7264,2.67613,2.61285,2.5443,2.46599,2.37953,2.28481,2.18161,2.07408,1.96223,1.84505,1.72303,1.59992,1.47298,1.34164,1.2111,1.08045,0.945465,0.813006,0.67806,0.54602,0.415305,0.284206,0.154833,0.02659,-0.0999267,-0.223564,-0.345491,-0.466965,-0.587662,-0.702279,-0.817174,-0.929586,-1.04242,-1.14865,-1.25556,-1.35978,-1.46253,-1.55997,-1.65909,-1.75672,-1.84914,-1.94035,-2.0303,-2.11362,-2.19557,-2.27734,-2.35379,-2.42971,-2.49832,-2.56698,-2.62781,-2.68887,-2.74431,-2.79587,-2.84235,-2.88162,-2.92133,-2.95583,-2.98349,-3.0044,-3.02274,-3.03731,-3.04583,-3.05105
-2.67333,-2.50794,-2.33433,-2.15814,-1.97429,-1.78791,-1.59119,-1.39605,-1.19562,-0.995743,-0.791652,-0.590162,-0.388077,-0.188616,0.00950343,0.2028,0.3941,0.579439,0.760734,0.932063,1.09991,1.25981,1.40972,1.55395,1.68726,1.80992,1.92556,2.02614,2.11936,2.2035,2.27228,2.33302,2.37813,2.41521,2.43783,2.45353,2.45613,2.44593,2.42763,2.39904,2.36121,2.3104,2.25053,2.18661,2.10691,2.02507,1.93354,1.83545,1.73008,1.6218,1.5029,1.38248,1.25597,1.12946,0.996864,0.861465,0.724877,0.584355,0.442701,0.300795,0.16158,0.0169183,-0.123426,-0.265577,-0.406417,-0.542556,-0.682609,-0.816957,-0.950469,-1.08016,-1.20952,-1.33223,-1.45748,-1.57427,-1.68635,-1.80179,-1.90901,-2.01649,-2.11699,-2.21379,-2.31139,-2.40095,-2.49151,-2.57555,-2.65744,-2.73765,-2.81422,-2.88615,-2.95543,-3.02449,-3.09103,-3.15466,-3.21775,-3.2746,-3.33188,-3.38816,-3.44353,-3.49314,-3.54306,-3.59183
-1.78781,-1.71906,-1.6374,-1.54966,-1.45296,-1.34688,-1.23262,-1.11027,-0.98309,-0.849041,-0.707218,-0.562437,-0.413457,-0.260888,-0.105838,0.051751,0.208774,0.365257,0.523228,0.679326,0.829107,0.978683,1.12266,1.26229,1.3973,1.52215,1.64106,1.75408,1.8556,1.94832,2.03131,2.10316,2.16603,2.21715,2.25569,2.2845,2.30043,2.30492,2.29828,2.28,2.24793,2.20655,2.15305,2.09159,2.01765,1.93178,1.84075,1.73806,1.62782,1.50998,1.3845,1.25466,1.11798,0.977584,0.832051,0.684425,0.536031,0.38198,0.228654,0.076402,-0.0761801,-0.228481,-0.380027,-0.52843,-0.675411,-0.814997,-0.955717,-1.08916,-1.21929,-1.33971,-1.46187,-1.57392,-1.68304,-1.78408,-1.88145,-1.96808,-2.05356,-2.12961,-2.2045,-2.26935,-2.33199,-2.38875,-2.43911,-2.48693,-2.53046,-2.57001,-2.60868,-2.64275,-2.67844,-2.7079,-2.73991,-2.76994,-2.80141,-2.83407,-2.86555,-2.90457,-2.93873,-2.97984,-3.02483,-3.07097
-2.02701,-1.91929,-1.80375,-1.67873,-1.54167,-1.39843,-1.24307,-1.0816,-0.913146,-0.73741,-0.555973,-0.370081,-0.181487,0.0114614,0.205664,0.402374,0.59639,0.79219,0.982405,1.1742,1.35913,1.54069,1.71552,1.88241,2.04224,2.19027,2.33366,2.46345,2.58032,2.6891,2.7834,2.86532,2.93306,2.98822,3.02797,3.05366,3.06403,3.0597,3.04364,3.0105,2.96533,2.9069,2.83355,2.74557,2.64861,2.53846,2.41803,2.28925,2.15028,2.00251,1.84581,1.68525,1.51745,1.34512,1.17048,0.994327,0.813041,0.634111,0.452837,0.273867,0.0952079,-0.079761,-0.253842,-0.424173,-0.590387,-0.749867,-0.90637,-1.05821,-1.20612,-1.34568,-1.47912,-1.60829,-1.73068,-1.85243,-1.95986,-2.07167,-2.17234,-2.27259,-2.36622,-2.45687,-2.54046,-2.62549,-2.70607,-2.78409,-2.8592,-2.93446,-3.00812,-3.07709,-3.1504,-3.22102,-3.28767,-3.35867,-3.42829,-3.49848,-3.56872,-3.64033,-3.7092,-3.78222,-3.85405,-3.9242
-2.08223,-1.92289,-1.7586,-1.58765,-1.41584,-1.24309,-1.0651,-0.885738,-0.707902,-0.530826,-0.352799,-0.174655,0.000741287,0.173887,0.344627,0.510426,0.67477,0.833889,0.986244,1.13482,1.27615,1.41102,1.53907,1.65987,1.77085,1.87853,1.97105,2.05726,2.13442,2.19977,2.25629,2.30469,2.33728,2.36145,2.3722,2.37433,2.36503,2.34161,2.30813,2.26086,2.20436,2.13606,2.05663,1.96749,1.86862,1.75611,1.63565,1.50322,1.36653,1.22064,1.06499,0.907539,0.740718,0.569986,0.392727,0.213079,0.0300789,-0.153618,-0.338865,-0.527505,-0.711779,-0.896853,-1.08014,-1.25948,-1.43553,-1.60718,-1.7736,-1.93335,-2.08792,-2.23653,-2.37599,-2.50972,-2.63902,-2.75353,-2.86453,-2.96498,-3.05503,-3.13791,-3.21297,-3.27787,-3.3368,-3.38433,-3.42545,-3.45883,-3.48484,-3.50205,-3.50863,-3.51554,-3.51368,-3.50599,-3.49237,-3.4738,-3.45116,-3.42653,-3.39608,-3.36281,-3.32785,-3.29137,-3.25192,-3.21445
-1.5966,-1.46458,-1.32464,-1.17951,-1.02603,-0.869025,-0.708911,-0.541067,-0.371569,-0.198357,-0.0225029,0.155577,0.334102,0.512344,0.690484,0.868067,1.04179,1.2157,1.38349,1.54741,1.7046,1.85766,2.00216,2.13909,2.26884,2.38968,2.50435,2.60331,2.69425,2.77401,2.84126,2.89625,2.93888,2.97287,2.99077,2.99499,2.9903,2.96884,2.93394,2.88887,2.8306,2.75896,2.67497,2.58304,2.47737,2.36,2.23559,2.09984,1.95669,1.80318,1.64255,1.47469,1.30052,1.12321,0.938711,0.750101,0.559905,0.366297,0.170292,-0.0257179,-0.221139,-0.416782,-0.612391,-0.801266,-0.992394,-1.1758,-1.35829,-1.53531,-1.70627,-1.87099,-2.03034,-2.17999,-2.32342,-2.45886,-2.5848,-2.70185,-2.80916,-2.9059,-2.99186,-3.07001,-3.13584,-3.18893,-3.23268,-3.26282,-3.28267,-3.29145,-3.29043,-3.27429,-3.24998,-3.21245,-3.1662,-3.10776,-3.04005,-2.96588,-2.87949,-2.7838,-2.68499,-2.57509,-2.46303,-2.34163
-1.41646,-1.29377,-1.16491,-1.02856,-0.889789,-0.747093,-0.601078,-0.451039,-0.299341,-0.145819,0.0145609,0.170778,0.329571,0.487401,0.642623,0.796861,0.949778,1.09784,1.24273,1.38411,1.51777,1.64739,1.76854,1.88563,1.99151,2.0927,2.18126,2.26348,2.33679,2.40015,2.45305,2.49836,2.53176,2.5553,2.56869,2.57413,2.56714,2.54904,2.52482,2.48945,2.44647,2.39408,2.33249,2.26362,2.18605,2.10278,2.01287,1.91498,1.81255,1.7055,1.59026,1.47459,1.35268,1.22872,1.09886,0.967747,0.834441,0.698366,0.559083,0.424362,0.284209,0.141928,0.00137643,-0.141228,-0.282008,-0.423666,-0.562855,-0.702309,-0.841935,-0.979584,-1.11587,-1.25055,-1.38292,-1.51375,-1.64318,-1.77079,-1.89393,-2.01418,-2.12996,-2.24716,-2.35405,-2.45923,-2.56117,-2.65733,-2.74818,-2.83325,-2.91054,-2.98071,-3.04433,-3.10293,-3.14866,-3.19022,-3.2235,-3.24744,-3.25788,-3.26425,-3.25948,-3.24442,-3.22149,-3.1868
-1.8808,-1.65097,-1.41876,-1.18541,-0.953203,-0.718596,-0.491669,-0.264203,-0.0413535,0.175886,0.393716,0.595273,0.795977,0.987904,1.17276,1.34484,1.51036,1.66631,1.81167,1.94388,2.06478,2.17531,2.27457,2.36536,2.43943,2.50175,2.55359,2.59454,2.62378,2.6413,2.64781,2.64163,2.62867,2.60166,2.56643,2.52246,2.46737,2.40271,2.33327,2.25373,2.16629,2.07412,1.97364,1.86665,1.75568,1.63831,1.51689,1.38892,1.25921,1.12541,0.987473,0.849266,0.705542,0.564936,0.415407,0.269746,0.123121,-0.0244022,-0.171746,-0.319787,-0.465072,-0.608252,-0.752925,-0.89478,-1.0327,-1.16926,-1.30501,-1.43277,-1.56143,-1.68642,-1.80497,-1.92012,-2.03604,-2.14237,-2.24504,-2.34514,-2.43959,-2.52972,-2.6147,-2.69477,-2.7714,-2.84501,-2.91173,-2.97543,-3.03467,-3.08848,-3.14155,-3.19006,-3.23309,-3.2795,-3.3139,-3.34946,-3.38346,-3.41764,-3.44607,-3.47536,-3.50224,-3.52795,-3.55264,-3.57629
-2.07502,-1.93491,-1.78867,-1.63727,-1.48454,-1.32297,-1.16154,-0.997751,-0.83012,-0.657977,-0.489555,-0.317918,-0.147773,0.0219167,0.191972,0.356198,0.521322,0.682747,0.839886,0.991543,1.13917,1.28122,1.41897,1.55011,1.67074,1.78551,1.89392,1.99245,2.08116,2.16301,2.23437,2.29481,2.34557,2.38734,2.41807,2.43752,2.44462,2.4443,2.42881,2.40479,2.36943,2.32422,2.2688,2.20163,2.124,2.04154,1.94651,1.84225,1.72903,1.60934,1.48045,1.34343,1.20546,1.05941,0.907991,0.754153,0.596121,0.433814,0.271138,0.108816,-0.0547716,-0.219009,-0.382785,-0.545594,-0.704563,-0.859411,-1.01407,-1.16484,-1.30795,-1.44839,-1.58363,-1.71193,-1.83671,-1.95223,-2.06359,-2.16852,-2.26997,-2.35997,-2.44949,-2.52722,-2.6017,-2.67241,-2.7346,-2.79179,-2.84537,-2.8914,-2.93457,-2.97368,-3.00821,-3.04038,-3.0647,-3.08883,-3.10726,-3.12477,-3.13863,-3.14789,-3.15687,-3.16428,-3.16409,-3.16399
-2.38749,-2.12255,-1.85953,-1.59841,-1.34023,-1.08463,-0.833716,-0.587441,-0.345571,-0.108263,0.121996,0.346384,0.566521,0.778238,0.981179,1.17783,1.36769,1.54498,1.71791,1.8774,2.03133,2.16919,2.30428,2.42342,2.53388,2.6329,2.72236,2.79631,2.85873,2.90998,2.94908,2.97681,2.99191,2.99298,2.98466,2.96191,2.92828,2.87974,2.82319,2.75365,2.67436,2.57915,2.47994,2.36823,2.24718,2.11855,1.97965,1.83443,1.67894,1.52387,1.3577,1.18673,1.01267,0.836225,0.65657,0.475867,0.293307,0.112989,-0.068093,-0.245686,-0.422785,-0.597118,-0.765676,-0.929846,-1.09169,-1.24247,-1.39088,-1.52884,-1.66237,-1.78735,-1.90427,-2.01303,-2.11312,-2.20269,-2.28575,-2.35991,-2.42301,-2.48002,-2.52764,-2.56822,-2.59938,-2.62304,-2.64197,-2.65224,-2.65671,-2.65572,-2.64887,-2.63649,-2.62041,-2.60094,-2.57457,-2.54806,-2.51826,-2.48537,-2.45229,-2.41498,-2.37717,-2.339,-2.29833,-2.25744
-1.42424,-1.28623,-1.1453,-0.999523,-0.851403,-0.700812,-0.546153,-0.388435,-0.232824,-0.0737775,0.0869552,0.242703,0.405386,0.561786,0.718401,0.873068,1.02319,1.17188,1.31718,1.45432,1.59244,1.71837,1.84021,1.95591,2.06332,2.1655,2.25549,2.33815,2.41308,2.47669,2.53328,2.5781,2.61337,2.63657,2.64808,2.65038,2.6436,2.62464,2.59556,2.55438,2.50614,2.44588,2.37629,2.29822,2.20846,2.11289,2.01029,1.89944,1.77879,1.65623,1.52556,1.39142,1.25146,1.10875,0.964069,0.816525,0.668623,0.517791,0.367533,0.218174,0.0687263,-0.0789979,-0.222721,-0.364764,-0.504496,-0.637569,-0.771765,-0.899222,-1.02118,-1.13955,-1.2532,-1.36142,-1.4644,-1.56513,-1.65755,-1.74528,-1.82696,-1.9061,-1.97924,-2.04845,-2.11281,-2.17117,-2.22615,-2.27561,-2.32405,-2.36608,-2.40638,-2.44079,-2.47376,-2.50339,-2.52661,-2.54806,-2.56679,-2.58038,-2.59091,-2.59753,-2.60222,-2.60114,-2.59748,-2.58814
-0.991019,-0.906736,-0.818363,-0.724713,-0.623321,-0.521145,-0.413587,-0.301561,-0.185443,-0.0675568,0.0505311,0.172048,0.294642,0.420267,0.545119,0.66934,0.794409,0.915547,1.03673,1.16097,1.27532,1.38882,1.49875,1.60593,1.71032,1.80566,1.89646,1.98108,2.0562,2.12938,2.18923,2.24358,2.28811,2.32317,2.35059,2.36633,2.372,2.3684,2.35117,2.32562,2.29089,2.24044,2.18427,2.11289,2.03239,1.94189,1.84299,1.73263,1.61569,1.48919,1.35267,1.21042,1.06165,0.904512,0.746125,0.580428,0.41039,0.238764,0.0630898,-0.111924,-0.290183,-0.464493,-0.642396,-0.813347,-0.985888,-1.15109,-1.3162,-1.47537,-1.6293,-1.7767,-1.91911,-2.05281,-2.18021,-2.29664,-2.40689,-2.50904,-2.59924,-2.68391,-2.758,-2.82297,-2.87829,-2.9217,-2.95783,-2.98188,-3.00211,-3.00959,-3.00504,-2.99503,-2.97542,-2.94925,-2.91126,-2.86918,-2.82091,-2.76506,-2.70219,-2.63451,-2.56067,-2.48447,-2.4011,-2.31704
-1.83832,-1.67372,-1.51178,-1.3491,-1.18734,-1.02346,-0.861419,-0.700639,-0.541247,-0.379065,-0.221847,-0.060305,0.0943027,0.25061,0.403109,0.555045,0.70341,0.846307,0.987555,1.12574,1.2553,1.38197,1.50083,1.61603,1.72248,1.82366,1.91722,1.99971,2.07546,2.14168,2.19764,2.24767,2.28466,2.31457,2.33226,2.34095,2.33901,2.32954,2.30845,2.27711,2.23875,2.18783,2.1325,2.06322,1.99023,1.90935,1.81853,1.72413,1.62064,1.51207,1.39758,1.27804,1.15741,1.02684,0.898332,0.763202,0.629396,0.49188,0.351972,0.210498,0.070804,-0.0695563,-0.209758,-0.353512,-0.492505,-0.62993,-0.767619,-0.902259,-1.03615,-1.17084,-1.29885,-1.42229,-1.54773,-1.66814,-1.78289,-1.89879,-2.00642,-2.11147,-2.2136,-2.31095,-2.407,-2.49756,-2.58203,-2.66363,-2.73928,-2.81188,-2.88035,-2.94507,-3.00426,-3.05859,-3.10841,-3.1555,-3.1939,-3.23116,-3.26414,-3.29178,-3.31185,-3.33105,-3.34247,-3.35107
-2.1148,-1.89117,-1.67075,-1.45512,-1.24414,-1.03612,-0.833949,-0.636878,-0.447264,-0.261939,-0.085111,0.0883054,0.248349,0.408459,0.556953,0.699592,0.832542,0.960967,1.0824,1.19535,1.30103,1.39962,1.48948,1.57363,1.65055,1.71892,1.78494,1.84112,1.89007,1.9361,1.97322,2.00543,2.03215,2.05089,2.06542,2.07433,2.07487,2.07464,2.06873,2.05254,2.03329,2.00991,1.97916,1.94575,1.9058,1.85755,1.80582,1.74854,1.69005,1.62274,1.55186,1.47403,1.39196,1.30736,1.21741,1.12234,1.02193,0.91864,0.811526,0.69878,0.582219,0.465233,0.341507,0.217654,0.0911501,-0.0372797,-0.170312,-0.304064,-0.436849,-0.570532,-0.703398,-0.841164,-0.974151,-1.10748,-1.23831,-1.36598,-1.49532,-1.61928,-1.74055,-1.86329,-1.97631,-2.08661,-2.19207,-2.29317,-2.39019,-2.482,-2.56678,-2.6461,-2.72096,-2.7863,-2.85073,-2.90801,-2.95713,-3.00147,-3.04011,-3.07027,-3.10063,-3.12421,-3.14181,-3.15627
-2.13964,-1.97113,-1.79976,-1.62712,-1.45111,-1.2746,-1.09652,-0.916329,-0.736805,-0.556614,-0.381656,-0.202877,-0.0285215,0.145973,0.314954,0.481894,0.642114,0.801114,0.950902,1.0968,1.23761,1.37205,1.49782,1.6196,1.72838,1.83277,1.92744,2.01181,2.08913,2.15914,2.21883,2.26755,2.30871,2.33618,2.35867,2.37061,2.37296,2.36718,2.35176,2.32718,2.29537,2.25381,2.2054,2.1477,2.08478,2.01062,1.93607,1.85277,1.76162,1.66662,1.56546,1.46563,1.35161,1.23697,1.12344,1.00318,0.879776,0.758031,0.630979,0.50143,0.374192,0.243862,0.11345,-0.0164209,-0.145195,-0.275448,-0.403066,-0.530325,-0.659091,-0.784844,-0.907087,-1.02964,-1.14908,-1.26481,-1.38407,-1.49298,-1.60293,-1.71215,-1.81831,-1.91662,-2.01854,-2.11337,-2.20398,-2.2928,-2.37902,-2.4603,-2.53795,-2.6103,-2.67945,-2.74495,-2.80681,-2.86201,-2.91369,-2.95871,-2.99768,-3.03642,-3.06608,-3.08867,-3.10633,-3.11921
-2.43344,-2.32333,-2.1966,-2.06538,-1.9207,-1.76723,-1.60347,-1.43727,-1.25904,-1.08032,-0.893781,-0.705468,-0.514961,-0.322851,-0.130899,0.058613,0.248578,0.431601,0.613744,0.790047,0.960414,1.12457,1.27874,1.42352,1.56277,1.69093,1.80689,1.91353,2.00735,2.09184,2.16194,2.21882,2.26549,2.29862,2.32091,2.32709,2.32326,2.30592,2.27509,2.23536,2.18279,2.11942,2.04706,1.9636,1.87012,1.76661,1.65592,1.53771,1.41322,1.28111,1.14474,1.0027,0.855365,0.705101,0.553661,0.398938,0.240711,0.085122,-0.072128,-0.229641,-0.38409,-0.538874,-0.690587,-0.840756,-0.986937,-1.129,-1.26831,-1.40229,-1.53267,-1.65814,-1.77824,-1.89207,-2.00285,-2.10393,-2.20023,-2.28794,-2.37118,-2.45014,-2.518,-2.5828,-2.63952,-2.68944,-2.73107,-2.76622,-2.79668,-2.81941,-2.83491,-2.84324,-2.84673,-2.84014,-2.83249,-2.81543,-2.79012,-2.76018,-2.72391,-2.68073,-2.63298,-2.57831,-2.5164,-2.45003
-2.07023,-1.87905,-1.68214,-1.48594,-1.28933,-1.09483,-0.89647,-0.702415,-0.509315,-0.315132,-0.125979,0.0589863,0.242041,0.420628,0.596173,0.765489,0.9286,1.08862,1.23869,1.38572,1.52311,1.65295,1.77598,1.8873,1.99578,2.08997,2.18031,2.25988,2.32813,2.38896,2.4377,2.47907,2.50869,2.52856,2.53655,2.53807,2.52766,2.50876,2.47875,2.44014,2.39012,2.33384,2.26859,2.19391,2.10881,2.018,1.91655,1.80782,1.69285,1.57186,1.4448,1.30966,1.17161,1.02442,0.876077,0.720988,0.562918,0.40426,0.240859,0.0743141,-0.092038,-0.258081,-0.425673,-0.590121,-0.755023,-0.91858,-1.07996,-1.23691,-1.38825,-1.53762,-1.67876,-1.81595,-1.94657,-2.07068,-2.18337,-2.29219,-2.39026,-2.47971,-2.56084,-2.62996,-2.69069,-2.74234,-2.78262,-2.81241,-2.83163,-2.84329,-2.84473,-2.83307,-2.81973,-2.79355,-2.76057,-2.71943,-2.67341,-2.61976,-2.56254,-2.50127,-2.43558,-2.36873,-2.30049,-2.23178
-2.19364,-2.10949,-2.01022,-1.90582,-1.78619,-1.65592,-1.5154,-1.36804,-1.20977,-1.04548,-0.876588,-0.699144,-0.519086,-0.337553,-0.152214,0.0341377,0.216931,0.402803,0.580499,0.759858,0.93092,1.09734,1.25885,1.40774,1.55082,1.68615,1.8086,1.92178,2.02421,2.11186,2.19259,2.25926,2.31009,2.35113,2.37937,2.39363,2.39851,2.39036,2.36844,2.33903,2.29444,2.24352,2.18031,2.10768,2.02721,1.93997,1.84328,1.74192,1.63548,1.52159,1.40206,1.28105,1.15548,1.02723,0.898834,0.765999,0.631591,0.498504,0.366831,0.231252,0.0992957,-0.0351801,-0.164828,-0.295096,-0.421569,-0.548189,-0.673581,-0.795052,-0.915837,-1.03247,-1.14606,-1.2585,-1.36831,-1.47642,-1.5812,-1.68138,-1.78232,-1.87504,-1.96591,-2.05908,-2.14586,-2.23029,-2.31082,-2.38635,-2.46264,-2.53111,-2.60091,-2.66389,-2.726,-2.78053,-2.83343,-2.88334,-2.92645,-2.96748,-3.00454,-3.0365,-3.06497,-3.08942,-3.10729,-3.12436
-2.34697,-2.14845,-1.94589,-1.73868,-1.53008,-1.32131,-1.10909,-0.89755,-0.685456,-0.476053,-0.268327,-0.06385,0.138773,0.334289,0.524637,0.712219,0.891021,1.06413,1.2305,1.38455,1.53119,1.6683,1.79836,1.91623,2.02505,2.12146,2.20782,2.28326,2.34983,2.40151,2.44602,2.47655,2.49924,2.50958,2.50898,2.49859,2.47697,2.44744,2.40646,2.3566,2.29862,2.23223,2.15789,2.07636,1.98704,1.88612,1.78481,1.67146,1.55776,1.43598,1.3102,1.17869,1.04247,0.903732,0.760738,0.613678,0.464852,0.313937,0.160656,0.00707763,-0.15147,-0.305848,-0.46238,-0.620307,-0.775923,-0.930338,-1.0858,-1.24058,-1.38773,-1.53249,-1.67707,-1.81518,-1.95253,-2.08171,-2.20611,-2.32623,-2.44055,-2.54494,-2.64213,-2.7364,-2.81899,-2.89291,-2.95819,-3.01677,-3.06219,-3.10201,-3.13009,-3.15014,-3.15804,-3.15605,-3.14544,-3.12586,-3.09639,-3.05619,-3.00709,-2.95034,-2.88591,-2.81121,-2.73126,-2.64308
-2.06485,-1.90703,-1.74038,-1.56647,-1.39387,-1.2178,-1.03332,-0.851894,-0.667437,-0.481499,-0.294178,-0.108483,0.0760587,0.25835,0.439078,0.616898,0.790087,0.958842,1.12285,1.27933,1.42882,1.57192,1.70842,1.83766,1.95414,2.06061,2.15652,2.2437,2.32181,2.38628,2.43922,2.48219,2.51133,2.52989,2.53464,2.52804,2.51119,2.48115,2.43942,2.38855,2.32432,2.25192,2.16784,2.07775,1.97563,1.86686,1.75224,1.62926,1.50111,1.36535,1.23009,1.08743,0.94117,0.792409,0.643537,0.494676,0.344642,0.194427,0.0443383,-0.105823,-0.249029,-0.396261,-0.540199,-0.678894,-0.815618,-0.949259,-1.07759,-1.20538,-1.3303,-1.4501,-1.56633,-1.6795,-1.78802,-1.89471,-1.99828,-2.09578,-2.19244,-2.28592,-2.37611,-2.4645,-2.54841,-2.62891,-2.70636,-2.78434,-2.85328,-2.92424,-2.98704,-3.04896,-3.10627,-3.15889,-3.20681,-3.2497,-3.28824,-3.32314,-3.3502,-3.37033,-3.38696,-3.39277,-3.39456,-3.38713
